Date,sentiment_mean,n_news
2008-01-02,0.1626452108224233,3
2008-01-03,0.9999986886978149,1
2008-01-07,0.9838523864746094,1
2008-01-09,-0.4923172891139984,2
2008-01-10,0.0,1
2008-01-22,0.0030207782983779907,4
2008-01-29,0.0,1
2008-01-30,0.0,1
2008-02-01,-0.9999924898147583,1
2008-02-05,-0.6666535139083862,3
2008-02-11,-0.7822534739971161,2
2008-02-21,0.0,1
2008-02-22,-0.49959293007850647,2
2008-02-28,0.0,1
2008-02-29,-0.9996320009231567,1
2008-03-05,0.0,1
2008-03-07,-0.4992043077945709,2
2008-03-10,-0.999359667301178,1
2008-03-11,0.0,1
2008-03-18,0.0,1
2008-03-27,-0.999970555305481,1
2008-04-02,0.9708686470985413,1
2008-04-07,0.0,1
2008-04-16,0.4999890923500061,2
2008-04-22,0.0,1
2008-04-23,-0.9999935626983643,1
2008-04-24,-0.9999992847442627,1
2008-04-25,0.0,1
2008-05-05,0.0,1
2008-05-06,0.9887941479682922,1
2008-05-07,0.0,1
2008-05-08,-0.9999539852142334,1
2008-05-12,0.0031219124794006348,3
2008-05-16,-0.9883434772491455,1
2008-05-21,0.9952418804168701,1
2008-05-23,0.0,1
2008-05-27,0.0,1
2008-05-29,-0.9997627139091492,1
2008-06-02,-0.9994508624076843,1
2008-06-04,0.9999998807907104,2
2008-06-05,0.9999986886978149,1
2008-06-09,-0.9874349534511566,2
2008-06-13,0.9941562414169312,1
2008-06-20,-0.9998552799224854,1
2008-06-24,0.4999324679374695,2
2008-07-01,0.0,1
2008-07-02,-0.8649051487445831,2
2008-07-07,0.9987167119979858,1
2008-07-09,0.0,1
2008-07-14,0.0,1
2008-07-23,0.0,1
2008-07-29,0.7259486317634583,1
2008-07-31,0.0,1
2008-08-01,0.9999955892562866,1
2008-08-04,1.0,1
2008-08-08,0.0,1
2008-08-13,-0.8848802447319031,1
2008-08-14,0.0,1
2008-08-19,0.0,2
2008-08-26,0.49967750906944275,2
2008-08-27,0.0,2
2008-08-28,0.0,1
2008-09-03,-0.999996542930603,1
2008-09-09,0.0,1
2008-09-10,0.0,1
2008-09-11,0.0,1
2008-09-15,-0.9996991157531738,1
2008-09-16,-0.9779280722141266,2
2008-09-17,-0.9994660019874573,1
2008-09-19,0.0,1
2008-09-24,0.0,1
2008-09-26,0.0,1
2008-09-29,-0.6652292807896932,3
2008-10-01,0.0,1
2008-10-06,0.0,1
2008-10-07,-0.9160428047180176,1
2008-10-13,-0.9999997615814209,1
2008-10-15,0.0,2
2008-10-17,0.0,2
2008-10-20,0.0,1
2008-10-21,0.0,1
2008-10-23,-0.4999706745147705,2
2008-10-24,-0.4999532103538513,2
2008-10-29,0.0,1
2008-10-30,-0.49111583828926086,2
2008-11-03,0.00042754411697387695,3
2008-11-04,0.0,1
2008-11-05,0.0,1
2008-11-07,0.0,1
2008-11-10,0.0,1
2008-11-11,-0.1579042673110962,2
2008-11-17,-0.9988740682601929,2
2008-11-21,0.0,1
2008-11-24,0.9999973773956299,1
2008-11-26,0.0,1
2008-12-01,0.0,1
2008-12-02,0.0,1
2008-12-03,0.9999977350234985,1
2008-12-04,-0.9999984502792358,1
2008-12-09,-0.9925691485404968,1
2008-12-11,0.49992793798446655,2
2008-12-17,-0.9999419450759888,1
2008-12-18,0.0,1
2008-12-24,0.0,1
2008-12-30,-0.4993486702442169,2
2008-12-31,0.0,1
2009-01-07,-0.9999998807907104,1
2009-01-08,0.9989805817604065,1
2009-01-12,-0.9716194868087769,1
2009-01-20,0.0,1
2009-01-21,-0.49541667103767395,2
2009-01-23,0.0,1
2009-01-28,-0.4873613119125366,2
2009-01-30,0.0,1
2009-02-02,0.0,1
2009-02-09,0.0,1
2009-02-17,-0.9342448711395264,1
2009-02-18,-0.43307435512542725,2
2009-02-23,0.0,1
2009-02-25,0.0,1
2009-03-02,0.0,1
2009-03-03,-0.9985405206680298,1
2009-03-04,-0.999991774559021,1
2009-03-05,0.0,1
2009-03-09,0.0,1
2009-03-13,0.0,1
2009-03-18,0.0,1
2009-03-26,-0.48193079233169556,1
2009-04-06,-7.641315460205078e-05,2
2009-04-13,-0.9698842167854309,1
2009-04-17,0.0,1
2009-04-28,-0.999772846698761,1
2009-04-30,-0.4999464154243469,2
2009-05-07,0.9997145533561707,1
2009-05-11,0.12718155980110168,2
2009-05-29,0.0,1
2009-06-01,0.0,2
2009-06-05,0.0,1
2009-06-11,0.0,2
2009-06-17,0.31360958019892377,3
2009-06-19,0.0,1
2009-06-24,0.0,1
2009-07-01,0.0,2
2009-07-02,0.0,1
2009-07-08,0.0,1
2009-07-09,0.0,1
2009-07-13,0.0,1
2009-07-31,0.0,1
2009-08-05,-0.9995261430740356,1
2009-08-07,0.0,1
2009-08-11,-0.9765698313713074,1
2009-08-13,0.0,1
2009-08-14,0.0,1
2009-08-19,0.0,1
2009-08-31,0.0,1
2009-09-01,0.0,1
2009-09-02,0.0,1
2009-09-08,1.0,1
2009-09-09,0.5028339624404907,1
2009-09-10,0.0,1
2009-09-11,0.49999988079071045,2
2009-09-14,-0.7522615194320679,1
2009-09-16,0.0,1
2009-09-18,-0.5661606192588806,1
2009-09-22,0.49999988079071045,2
2009-09-23,0.6249691247940063,1
2009-09-25,-0.7848722338676453,1
2009-09-28,0.0,2
2009-09-30,0.0,1
2009-10-01,0.0,1
2009-10-06,0.4999999403953552,2
2009-10-07,0.9999984502792358,1
2009-10-08,0.502253532409668,1
2009-10-09,0.0,1
2009-10-12,0.0,1
2009-10-19,0.5491060018539429,1
2009-10-27,0.0,1
2009-10-28,0.0,1
2009-10-30,0.0,1
2009-11-05,-0.4997657537460327,2
2009-11-09,0.0,1
2009-11-12,-0.9999654293060303,1
2009-11-13,0.0,3
2009-11-23,-0.9421745538711548,1
2009-11-24,0.0,1
2009-11-25,0.49999475479125977,2
2009-11-27,0.0,1
2009-12-03,0.0,1
2009-12-07,0.0,1
2009-12-10,0.0,1
2009-12-14,0.9783358573913574,1
2009-12-15,0.0,2
2009-12-16,0.3222312132517497,3
2009-12-21,0.0,1
2009-12-22,0.9999996423721313,1
2009-12-30,0.011563926935195923,2
2010-01-05,0.3333171208699544,3
2010-01-06,-0.9216177463531494,1
2010-01-07,0.0,1
2010-01-11,0.0,1
2010-01-13,-0.49603021144866943,2
2010-01-14,0.0,1
2010-01-20,0.0,1
2010-01-28,0.0,2
2010-02-02,0.0,1
2010-02-04,0.0,1
2010-02-05,-0.999869704246521,1
2010-02-08,0.0,2
2010-02-12,0.0,1
2010-02-18,0.6307870745658875,1
2010-02-23,-0.9999887943267822,1
2010-02-26,0.0,2
2010-03-01,0.0,1
2010-03-02,0.0,1
2010-03-05,0.49093061685562134,2
2010-03-08,0.0,1
2010-03-09,-0.8754422664642334,1
2010-03-10,0.0,1
2010-03-12,0.0,1
2010-03-15,0.7470831274986267,1
2010-03-22,0.0,1
2010-03-24,0.0,1
2010-04-01,-0.4996930956840515,2
2010-04-05,0.48609036207199097,2
2010-04-12,0.0,1
2010-04-14,-0.20484861731529236,4
2010-04-15,0.0,1
2010-04-19,0.4999975562095642,2
2010-04-22,0.0,2
2010-04-23,0.0,1
2010-04-28,7.092952728271484e-06,2
2010-04-30,0.0,1
2010-05-04,0.0,1
2010-05-05,-0.9559894800186157,1
2010-05-06,0.0,1
2010-05-07,0.929876983165741,1
2010-05-11,0.0,1
2010-05-12,-0.32913055022557575,3
2010-05-17,0.0,1
2010-05-18,0.6094609498977661,1
2010-05-20,0.0,1
2010-05-25,0.9710284471511841,1
2010-05-26,0.871651291847229,1
2010-06-01,0.0,3
2010-06-07,0.49979743361473083,2
2010-06-08,0.0,1
2010-06-11,0.9814901053905487,2
2010-06-14,0.0,1
2010-06-15,0.0,2
2010-06-21,0.3332844575246175,3
2010-06-22,0.0,1
2010-06-23,0.0,1
2010-06-28,0.0,2
2010-06-29,0.0,1
2010-06-30,-0.33320297797520954,3
2010-07-06,-0.4842263162136078,2
2010-07-07,0.0,1
2010-07-13,0.20997630059719086,4
2010-07-14,-0.4631896913051605,2
2010-07-20,0.0,1
2010-07-21,0.0,1
2010-07-26,0.0,1
2010-07-30,-0.4999431371688843,2
2010-08-02,0.0,2
2010-08-04,0.33333321412404376,3
2010-08-06,-0.9999874830245972,1
2010-08-09,0.0,1
2010-08-10,0.0,1
2010-08-11,0.0,1
2010-08-17,0.0,1
2010-08-24,0.0,1
2010-08-27,-0.4999949336051941,2
2010-08-30,0.4999843239784241,2
2010-09-03,0.0,3
2010-09-07,-0.873763769865036,2
2010-09-09,0.0,1
2010-09-10,0.0,1
2010-09-13,0.4999997615814209,2
2010-09-14,0.0,1
2010-09-15,0.0,3
2010-09-17,0.0,2
2010-09-20,-0.9999115467071533,1
2010-09-21,0.0,1
2010-09-22,0.0,2
2010-09-24,0.0,4
2010-09-27,0.0,1
2010-09-28,0.0,1
2010-09-29,0.0,1
2010-09-30,-0.14284937722342356,7
2010-10-01,0.6408326625823975,1
2010-10-04,0.0,1
2010-10-08,0.0,1
2010-10-12,0.14268362522125244,2
2010-10-13,0.4997975528240204,2
2010-10-14,0.0,2
2010-10-19,0.0,4
2010-10-20,0.0,1
2010-10-22,0.0,1
2010-10-26,0.0,1
2010-10-29,0.0,1
2010-11-02,0.0,1
2010-11-04,0.0,1
2010-11-05,-0.9999972581863403,1
2010-11-08,0.0,2
2010-11-10,0.0,2
2010-11-11,0.0,1
2010-11-12,0.0,1
2010-11-15,-0.3214130202929179,3
2010-11-18,0.0,2
2010-11-22,0.0,2
2010-11-23,0.0,1
2010-11-24,0.9999631643295288,1
2010-11-26,0.0,1
2010-11-29,0.0,2
2010-11-30,0.0,1
2010-12-02,0.9999984502792358,1
2010-12-03,-0.9947622418403625,1
2010-12-09,1.0,1
2010-12-10,0.07565826177597046,4
2010-12-13,-0.017324298620224,2
2010-12-14,0.9999692440032959,1
2010-12-16,0.0,1
2010-12-17,0.0,1
2010-12-20,0.0,1
2010-12-22,0.0,2
2010-12-23,0.9938687682151794,1
2010-12-30,0.8328560590744019,1
2010-12-31,0.17624200582504274,5
2011-01-03,0.0,2
2011-01-04,0.3333323796590169,3
2011-01-05,0.0,1
2011-01-06,0.49967607855796814,2
2011-01-11,1.0,1
2011-01-12,-0.4998951852321625,2
2011-01-13,0.4999998211860657,2
2011-01-14,0.999997615814209,1
2011-01-18,0.7797426581382751,1
2011-01-19,0.0,1
2011-01-20,0.0,2
2011-01-21,-0.49983638525009155,2
2011-01-24,0.9575200080871582,1
2011-01-26,0.0,1
2011-01-28,-0.28599204619725543,3
2011-01-31,0.0,1
2011-02-01,0.25,4
2011-02-02,0.0,1
2011-02-03,0.999998152256012,2
2011-02-04,0.0,2
2011-02-09,0.0,1
2011-02-14,0.0,3
2011-02-15,0.33329856395721436,3
2011-02-16,-0.9968587160110474,1
2011-02-18,-0.4125567376613617,2
2011-02-23,0.9999974966049194,1
2011-02-24,0.0,1
2011-02-28,-0.31811100244522095,3
2011-03-01,-0.49998939037323,2
2011-03-04,0.0,2
2011-03-08,0.0,2
2011-03-09,0.49997538328170776,2
2011-03-10,0.0,2
2011-03-11,0.0,2
2011-03-14,0.0,1
2011-03-15,0.0,1
2011-03-16,0.499916672706604,2
2011-03-17,-0.49197760224342346,2
2011-03-23,-0.9979775547981262,1
2011-03-29,0.0,1
2011-03-30,0.0,1
2011-03-31,0.0,2
2011-04-01,0.0,1
2011-04-04,-0.0009238719940185547,3
2011-04-05,0.0,2
2011-04-06,0.0,1
2011-04-12,0.0,1
2011-04-13,0.0,2
2011-04-14,0.0,2
2011-04-15,0.0,2
2011-04-18,0.0,2
2011-04-19,0.0,1
2011-04-20,0.0,2
2011-04-21,-0.16666442155838013,6
2011-04-25,-0.9999967813491821,1
2011-04-26,0.0,2
2011-04-27,0.0,1
2011-04-28,0.0,1
2011-04-29,0.0,4
2011-05-02,0.0,4
2011-05-03,0.3332798480987549,3
2011-05-05,0.0,1
2011-05-06,0.0,3
2011-05-09,0.0,1
2011-05-10,0.0,3
2011-05-11,0.0,2
2011-05-12,0.0,1
2011-05-13,0.0,4
2011-05-16,0.0,1
2011-05-17,0.0,1
2011-05-18,0.0,2
2011-05-20,0.24999994039535522,4
2011-05-23,-0.396219402551651,4
2011-05-25,0.0,1
2011-05-26,-0.9843331575393677,1
2011-05-27,0.16666577259699503,6
2011-06-01,0.14406631886959076,4
2011-06-02,0.19623889029026031,4
2011-06-03,0.0,3
2011-06-07,-0.17713300387064615,3
2011-06-08,-0.22953695058822632,2
2011-06-09,0.0,1
2011-06-10,0.0,2
2011-06-13,0.0,2
2011-06-14,0.0,1
2011-06-15,0.0,3
2011-06-16,0.0,4
2011-06-20,0.4999943971633911,2
2011-06-21,0.0,2
2011-06-22,0.0,2
2011-06-23,0.0,2
2011-06-24,-0.19621967077255248,5
2011-06-27,0.0,2
2011-06-29,-0.3998380064964294,5
2011-06-30,0.0,4
2011-07-01,-0.24999886751174927,4
2011-07-05,0.0,2
2011-07-07,-0.9963932633399963,1
2011-07-08,0.0,3
2011-07-12,0.0,3
2011-07-13,0.0,1
2011-07-14,0.4867381453514099,2
2011-07-15,0.33300602436065674,3
2011-07-18,0.0,2
2011-07-19,-0.3332986831665039,3
2011-07-20,0.0,3
2011-07-21,0.24900972843170166,4
2011-07-22,0.49971452355384827,2
2011-07-25,0.0,2
2011-07-26,0.0,1
2011-07-27,-0.49962228536605835,2
2011-07-28,-0.6533917784690857,1
2011-07-29,0.2381560355424881,4
2011-08-01,0.49999988079071045,2
2011-08-02,-0.3333293596903483,3
2011-08-03,0.0,1
2011-08-04,-0.33333277702331543,3
2011-08-05,0.0,2
2011-08-08,-0.1806235909461975,6
2011-08-09,-0.24999842047691345,4
2011-08-10,-0.08927440643310547,3
2011-08-11,-0.43330490589141846,4
2011-08-12,0.0,2
2011-08-15,-0.9997655749320984,1
2011-08-16,-0.8200790286064148,1
2011-08-17,0.4575408101081848,2
2011-08-18,-0.33333249886830646,3
2011-08-22,-0.3254711429278056,3
2011-08-23,0.0,4
2011-08-24,0.0,1
2011-08-25,0.0,3
2011-08-26,0.24999910593032837,4
2011-08-29,0.0,1
2011-08-30,-0.2927785317103068,3
2011-08-31,0.47155898809432983,2
2011-09-01,-0.4993426501750946,2
2011-09-02,0.0,2
2011-09-06,0.0,2
2011-09-07,-0.331878125667572,3
2011-09-08,0.0,2
2011-09-09,-0.3941640555858612,2
2011-09-12,0.0,4
2011-09-13,0.33212576309839886,3
2011-09-14,0.24907177686691284,4
2011-09-15,-0.33104143540064496,3
2011-09-16,0.33327080806096393,3
2011-09-19,0.0,3
2011-09-21,0.0,2
2011-09-22,0.19969524145126344,5
2011-09-23,0.24977780878543854,4
2011-09-26,0.0,3
2011-09-27,-0.287634015083313,3
2011-09-28,0.00953531265258789,3
2011-09-29,0.0,3
2011-09-30,-0.18865638971328735,5
2011-10-03,-0.3999051094055176,5
2011-10-04,-0.2498457133769989,4
2011-10-05,0.0,4
2011-10-06,0.0,1
2011-10-07,0.0,2
2011-10-10,0.026919111609458923,4
2011-10-11,-0.29016714096069335,5
2011-10-12,-9.593367576599121e-05,2
2011-10-13,-0.33332077662150067,3
2011-10-14,0.0,5
2011-10-17,0.0,1
2011-10-18,0.0,3
2011-10-19,-0.3333091338475545,3
2011-10-20,0.0,3
2011-10-21,0.3333328564961751,3
2011-10-24,0.0,3
2011-10-25,-0.9990635514259338,1
2011-10-26,0.0,4
2011-10-27,0.0,2
2011-10-28,0.0,3
2011-10-31,0.0,2
2011-11-01,0.0,2
2011-11-02,0.0,2
2011-11-03,0.6337424715360006,3
2011-11-04,0.438786119222641,2
2011-11-07,0.0,2
2011-11-08,0.0,3
2011-11-09,-0.10016396045684814,5
2011-11-10,0.0,1
2011-11-11,0.49371397495269775,2
2011-11-14,0.0,2
2011-11-15,-0.49865299463272095,2
2011-11-17,0.0,4
2011-11-18,-0.1999969244003296,5
2011-11-21,-0.4999222755432129,2
2011-11-22,0.0,2
2011-11-23,-0.027907446026802063,4
2011-11-25,0.0,2
2011-11-28,0.3333197434743245,3
2011-11-29,-0.22563666105270386,4
2011-11-30,0.0,2
2011-12-01,0.0,3
2011-12-02,0.3332759141921997,3
2011-12-05,0.0,3
2011-12-06,-0.6542160709698995,3
2011-12-07,0.0,5
2011-12-08,-0.1429423213005066,5
2011-12-09,0.0,3
2011-12-12,0.0,2
2011-12-13,0.24263630310694376,3
2011-12-14,0.0,3
2011-12-15,0.0,2
2011-12-16,0.0,3
2011-12-19,0.24999955296516418,4
2011-12-20,0.0,4
2011-12-21,0.0,4
2011-12-22,-0.1865612030029297,5
2011-12-23,0.33150909344355267,3
2011-12-27,0.948441207408905,1
2011-12-28,0.0,3
2011-12-30,0.24999764561653137,4
2012-01-03,0.0,4
2012-01-04,0.0,1
2012-01-05,0.0,2
2012-01-06,0.0,2
2012-01-09,0.0,3
2012-01-10,-0.4925881028175354,2
2012-01-11,0.0,2
2012-01-12,-0.3333330949147542,3
2012-01-13,-0.49343040585517883,2
2012-01-17,0.49238136410713196,2
2012-01-18,0.0,3
2012-01-19,-0.19998178482055665,5
2012-01-20,0.9886701107025146,1
2012-01-23,-0.2397545874118805,4
2012-01-24,0.31111852327982586,3
2012-01-25,0.3333331346511841,3
2012-01-26,0.0,2
2012-01-27,0.0,3
2012-01-30,0.49999821186065674,2
2012-01-31,-0.33302078644434613,3
2012-02-01,0.0,2
2012-02-02,0.4867633581161499,2
2012-02-03,-0.023330286145210266,4
2012-02-06,0.0,1
2012-02-07,0.0,2
2012-02-08,0.26858486731847125,3
2012-02-09,0.31430837512016296,2
2012-02-10,0.0,1
2012-02-13,-0.33226372798283893,3
2012-02-14,0.6655606428782145,6
2012-02-15,0.0,5
2012-02-16,0.24920277297496796,4
2012-02-17,0.0,1
2012-02-21,0.0,3
2012-02-22,0.4999998211860657,2
2012-02-23,0.0,1
2012-02-24,-0.6655124028523763,3
2012-02-27,0.0,2
2012-02-28,0.199138081073761,5
2012-02-29,0.0,3
2012-03-01,0.0,3
2012-03-02,0.0,4
2012-03-05,-0.3333201011021932,3
2012-03-06,0.4796183705329895,2
2012-03-07,0.18293938636779786,5
2012-03-08,0.0,1
2012-03-09,-0.24996322393417358,4
2012-03-13,0.33332570393880206,3
2012-03-14,0.03339602549870809,3
2012-03-15,-0.49871399998664856,2
2012-03-16,0.0,3
2012-03-19,0.6566675702730814,3
2012-03-20,0.0,1
2012-03-21,0.0,2
2012-03-22,0.0,1
2012-03-23,0.007846732934316,3
2012-03-26,0.0,2
2012-03-27,0.9999998807907104,1
2012-03-28,-0.19999971389770507,5
2012-03-29,0.0,2
2012-03-30,0.09042179584503174,6
2012-04-02,0.4999969005584717,2
2012-04-03,0.0,2
2012-04-04,0.24950949847698212,4
2012-04-05,0.0,2
2012-04-09,0.9999327063560486,2
2012-04-10,0.7841243743896484,1
2012-04-11,0.47932279109954834,2
2012-04-12,0.24207012355327606,4
2012-04-13,-0.007418942451477051,5
2012-04-16,-0.49997687339782715,2
2012-04-17,0.49999988079071045,2
2012-04-18,0.0,2
2012-04-19,-0.49857066571712494,4
2012-04-20,-0.1246892660856247,4
2012-04-23,-0.3213563561439514,3
2012-04-24,0.1997648596763611,5
2012-04-25,0.0,2
2012-04-27,0.1999289274215698,5
2012-04-30,-0.999832272529602,1
2012-05-01,0.49916520714759827,2
2012-05-02,0.0,4
2012-05-03,-0.33170076211293537,3
2012-05-04,0.0,3
2012-05-07,0.0,3
2012-05-08,-0.49991732835769653,2
2012-05-09,-0.24212974309921265,4
2012-05-10,-0.24958474934101105,4
2012-05-11,0.0,1
2012-05-14,0.05352287292480469,5
2012-05-15,0.3366033169958327,9
2012-05-16,0.0,3
2012-05-18,0.0,1
2012-05-21,-0.24716883897781372,4
2012-05-22,0.0,5
2012-05-23,0.0,2
2012-05-24,0.0,1
2012-05-25,0.33123596509297687,3
2012-05-29,0.0,3
2012-05-31,-0.14285659790039062,7
2012-06-01,-0.00012044111887613933,3
2012-06-04,0.0,3
2012-06-05,-0.3333222071329753,3
2012-06-06,0.49987760186195374,2
2012-06-07,0.0,2
2012-06-08,0.0,3
2012-06-11,0.0,2
2012-06-12,0.0,2
2012-06-13,0.3333328564961751,3
2012-06-14,0.0,2
2012-06-15,0.0,5
2012-06-18,0.0,4
2012-06-19,0.0,2
2012-06-20,-0.33328243096669513,3
2012-06-21,0.0,3
2012-06-22,0.0,4
2012-06-25,0.0,1
2012-06-26,0.16270506381988525,6
2012-06-27,0.0,2
2012-06-28,-0.08854798972606659,4
2012-06-29,0.0,1
2012-07-02,0.22384998202323914,4
2012-07-03,-0.16476825873057047,6
2012-07-05,0.0,4
2012-07-06,0.0,3
2012-07-09,0.0,2
2012-07-10,0.0,2
2012-07-12,0.0,1
2012-07-13,0.49983297288417816,4
2012-07-16,0.0,1
2012-07-17,0.12499995529651642,8
2012-07-18,0.0,1
2012-07-19,0.24961572885513306,4
2012-07-20,-0.33332423369089764,3
2012-07-23,0.0,1
2012-07-24,0.15482333728245326,7
2012-07-25,-0.004316389560699463,3
2012-07-27,0.0,3
2012-07-31,0.0,1
2012-08-01,0.0,3
2012-08-02,0.0015175342559814453,8
2012-08-03,-0.264452850818634,5
2012-08-06,-0.1943723956743876,3
2012-08-07,0.0,3
2012-08-08,0.0,3
2012-08-09,-0.4988566040992737,2
2012-08-10,0.0,2
2012-08-13,0.0,1
2012-08-14,0.00018374919891357423,5
2012-08-15,0.0,3
2012-08-16,0.0,4
2012-08-17,0.0,1
2012-08-20,0.2499919831752777,4
2012-08-21,0.33333321412404376,3
2012-08-22,0.2616807421048482,3
2012-08-23,0.0,2
2012-08-24,0.49934449791908264,2
2012-08-27,-0.24329262971878052,7
2012-08-28,0.0,2
2012-08-29,0.0,1
2012-08-30,0.0,1
2012-08-31,-0.5679787993431091,3
2012-09-04,0.39799119234085084,5
2012-09-05,0.0,1
2012-09-07,0.0,3
2012-09-10,-0.3332895040512085,3
2012-09-11,0.0,3
2012-09-12,0.0,4
2012-09-13,0.0,3
2012-09-14,-0.24997323751449585,4
2012-09-17,0.0,1
2012-09-18,-0.6529419223467509,3
2012-09-19,0.0,2
2012-09-20,0.0,3
2012-09-21,0.0,4
2012-09-24,0.3333333333333333,3
2012-09-25,0.22540639340877533,4
2012-09-26,0.16797272364298502,3
2012-09-27,0.0,4
2012-09-28,-0.12010220118931361,7
2012-10-01,0.0,3
2012-10-02,-0.4952218234539032,2
2012-10-03,0.0,2
2012-10-04,0.0,4
2012-10-05,-0.3333187898000081,3
2012-10-08,0.0,1
2012-10-09,-0.18463762317384994,7
2012-10-10,-0.22193304697672525,3
2012-10-11,-0.5870412786801656,3
2012-10-12,0.0,2
2012-10-15,0.0,3
2012-10-16,0.0,1
2012-10-17,0.1619014541308085,6
2012-10-18,0.0,3
2012-10-19,0.0,2
2012-10-22,0.0,5
2012-10-23,-0.2688767910003662,3
2012-10-24,-0.14291383028030397,5
2012-10-25,0.4845027029514313,2
2012-10-26,0.8035899996757507,1
2012-10-31,0.0,1
2012-11-01,0.333332896232605,3
2012-11-02,-0.40102618932724,2
2012-11-05,0.3301175634066264,3
2012-11-06,0.0,1
2012-11-07,-0.3259410659472148,6
2012-11-08,0.49984583258628845,4
2012-11-09,0.4999735951423645,2
2012-11-12,-0.1997580647468567,5
2012-11-13,0.0,2
2012-11-14,0.39438074827194214,4
2012-11-15,0.0,1
2012-11-16,-0.30390501022338867,3
2012-11-19,0.0,2
2012-11-20,0.0,3
2012-11-21,-0.19969348112742105,3
2012-11-23,0.0,3
2012-11-26,0.0,1
2012-11-27,-0.15134620666503906,5
2012-11-28,0.0,1
2012-11-29,0.3589872196316719,4
2012-11-30,0.09816632270812989,5
2012-12-03,0.0,2
2012-12-04,-4.363059997558594e-06,5
2012-12-05,-0.3161155343055725,5
2012-12-06,0.0,5
2012-12-07,-0.45599812269210815,4
2012-12-10,0.9830695390701294,1
2012-12-11,-0.1999655246734619,5
2012-12-12,0.22689583897590637,4
2012-12-13,0.0,1
2012-12-14,0.0,2
2012-12-17,0.0,1
2012-12-18,0.16567851106325784,6
2012-12-19,0.0,2
2012-12-20,0.0,4
2012-12-21,0.0,4
2012-12-24,-0.771063506603241,1
2012-12-26,0.0,1
2012-12-27,0.6666398048400879,3
2012-12-28,-0.23152569929758707,3
2013-01-02,0.4709131717681885,4
2013-01-03,0.0,2
2013-01-04,0.0,1
2013-01-07,0.0,2
2013-01-08,0.24457615613937378,3
2013-01-09,0.0,3
2013-01-10,-0.331570823987325,3
2013-01-11,0.0,2
2013-01-14,0.0,1
2013-01-15,-0.24943500757217407,4
2013-01-16,-0.24038271605968475,4
2013-01-17,-0.19934345483779908,5
2013-01-18,0.0,2
2013-01-22,0.25,4
2013-01-23,-0.23084674775600433,4
2013-01-24,0.5195820927619934,1
2013-01-25,0.0,6
2013-01-28,0.0,2
2013-01-29,-0.21892230212688446,4
2013-01-30,0.0,1
2013-01-31,0.3317830761273702,3
2013-02-01,0.49643954634666443,4
2013-02-04,0.3333245515823364,3
2013-02-05,-0.4999992251396179,2
2013-02-06,0.0,2
2013-02-07,-0.32030305862426756,5
2013-02-08,0.0,3
2013-02-11,0.0,1
2013-02-12,0.0,4
2013-02-13,0.0,2
2013-02-14,-0.49999135732650757,2
2013-02-15,-0.19988207817077636,5
2013-02-19,-0.4999924302101135,2
2013-02-20,0.28356289863586426,3
2013-02-21,0.0,3
2013-02-22,-0.49915948510169983,2
2013-02-25,-0.6299650073051453,1
2013-02-26,0.0,3
2013-02-27,0.0,2
2013-02-28,-0.24991121888160706,4
2013-03-01,0.14285710879734584,7
2013-03-04,-0.33011072874069214,3
2013-03-05,0.0,2
2013-03-06,0.0,3
2013-03-07,0.0,3
2013-03-08,0.0,2
2013-03-11,0.0,1
2013-03-12,0.0,4
2013-03-13,0.0,3
2013-03-14,-0.6382521788279215,3
2013-03-15,0.0,1
2013-03-18,0.0,3
2013-03-19,0.29464177290598553,3
2013-03-20,0.0,2
2013-03-21,0.24999910593032837,4
2013-03-22,-0.1369355661528451,7
2013-03-25,0.0,2
2013-03-26,0.0,1
2013-03-28,0.22654223442077637,4
2013-04-01,0.24979446828365326,4
2013-04-02,0.4999999403953552,2
2013-04-03,0.0,3
2013-04-04,0.24997231364250183,4
2013-04-05,0.0,1
2013-04-08,-0.2498331218957901,4
2013-04-09,0.0,2
2013-04-10,0.2499714195728302,4
2013-04-11,-0.45887044072151184,2
2013-04-12,0.0,5
2013-04-15,-0.4789508283138275,4
2013-04-16,0.0,3
2013-04-17,-0.2409467895825704,3
2013-04-18,-0.49999117851257324,2
2013-04-19,0.0005945563316345215,5
2013-04-22,0.0,1
2013-04-23,-0.037805010875066124,6
2013-04-24,0.06829287608464558,3
2013-04-25,0.12485018968582154,5
2013-04-26,0.0,4
2013-04-29,0.0422825813293457,4
2013-04-30,0.491904616355896,2
2013-05-01,-0.2499535232782364,4
2013-05-02,0.4996126890182495,2
2013-05-03,0.9445871512095133,3
2013-05-07,-0.48213526606559753,2
2013-05-08,0.0,2
2013-05-09,-0.2734503547350566,3
2013-05-10,0.45988258719444275,2
2013-05-13,0.5174809892972311,3
2013-05-14,0.013688266277313232,6
2013-05-15,0.9997386336326599,1
2013-05-16,0.0,3
2013-05-17,0.0,3
2013-05-20,0.0,4
2013-05-21,0.0,2
2013-05-22,0.043190255761146545,4
2013-05-23,0.0,2
2013-05-24,0.09324626624584198,4
2013-05-28,0.24999910593032837,4
2013-05-29,0.3313714067141215,3
2013-05-30,0.0,5
2013-05-31,-0.4999998211860657,2
2013-06-04,0.10195486744244893,6
2013-06-05,-0.24999982118606567,4
2013-06-06,0.0,6
2013-06-07,0.0,1
2013-06-10,0.0,1
2013-06-11,0.10435012976328532,3
2013-06-12,0.3333333333333333,3
2013-06-13,0.0,3
2013-06-14,0.0,4
2013-06-17,0.0,1
2013-06-18,0.33333321412404376,3
2013-06-19,0.0,3
2013-06-20,0.0,4
2013-06-21,0.0,2
2013-06-24,0.0,3
2013-06-25,0.4999900758266449,4
2013-06-26,0.24187101423740387,4
2013-06-27,0.0,2
2013-06-28,0.0,3
2013-07-01,-0.9999725818634033,1
2013-07-02,0.0,1
2013-07-03,0.0,5
2013-07-05,0.0,2
2013-07-08,0.0,2
2013-07-09,0.0,3
2013-07-10,0.0,4
2013-07-12,0.0,2
2013-07-15,-0.4999951720237732,2
2013-07-16,-0.16533413529396057,6
2013-07-17,0.2169854760169983,5
2013-07-18,0.4999997019767761,2
2013-07-19,0.0,2
2013-07-22,0.9999626278877258,2
2013-07-23,0.49999964237213135,2
2013-07-24,0.43541018664836884,4
2013-07-26,0.24977628886699677,4
2013-07-29,0.0,3
2013-07-30,0.0,1
2013-07-31,-0.98459193110466,2
2013-08-01,0.33324478069941205,3
2013-08-05,0.0,2
2013-08-06,0.0,3
2013-08-07,0.0,4
2013-08-08,0.018141746520996094,7
2013-08-09,0.0,4
2013-08-12,-0.19993603229522705,5
2013-08-13,0.0,2
2013-08-14,0.0,1
2013-08-15,-0.33332109451293945,3
2013-08-16,0.14484376566750662,7
2013-08-19,-0.331292986869812,3
2013-08-20,0.0,2
2013-08-21,0.0,3
2013-08-22,0.0,3
2013-08-23,-0.4999496787786484,4
2013-08-26,-0.40458181500434875,2
2013-08-27,-0.4995187520980835,2
2013-08-28,-0.10900230705738068,4
2013-08-29,0.25,4
2013-08-30,-0.19420620799064636,4
2013-09-03,0.00019009411334991455,4
2013-09-04,-0.24758802354335785,4
2013-09-05,0.0,2
2013-09-06,0.0,5
2013-09-10,-0.29345691204071045,2
2013-09-11,0.24999836087226868,4
2013-09-12,0.0,2
2013-09-13,0.0,2
2013-09-16,0.4995774030685425,2
2013-09-17,0.017969578504562378,6
2013-09-18,0.7130275964736938,4
2013-09-19,0.0,5
2013-09-20,0.0,4
2013-09-23,0.089956929286321,6
2013-09-24,-0.08719262480735779,4
2013-09-25,0.0,2
2013-09-26,0.0,1
2013-09-27,-0.24841411411762238,4
2013-09-30,0.1661325454711914,5
2013-10-01,-0.44411563873291016,2
2013-10-02,0.0,2
2013-10-03,0.0,1
2013-10-04,4.393713814871651e-06,7
2013-10-07,0.0,3
2013-10-08,0.9996063113212585,1
2013-10-09,-0.28029640515645343,3
2013-10-10,0.19999940395355226,5
2013-10-11,0.26607222358385724,6
2013-10-14,0.0,1
2013-10-15,0.0,5
2013-10-16,0.33286086718241376,3
2013-10-17,0.16640292604764303,6
2013-10-18,-0.3268279433250427,3
2013-10-22,-0.33302760124206543,3
2013-10-23,0.3333192666371663,3
2013-10-24,0.4928552210330963,2
2013-10-25,-0.14574991464614867,5
2013-10-28,0.6570288439591726,6
2013-10-29,0.48377010226249695,4
2013-10-30,0.0,4
2013-10-31,0.0,2
2013-11-01,0.0,2
2013-11-04,0.499996542930603,2
2013-11-05,0.0,4
2013-11-06,0.24999183416366577,4
2013-11-07,-0.03754953543345133,6
2013-11-08,0.0,5
2013-11-11,0.32408525546391803,3
2013-11-12,0.0,4
2013-11-13,0.38447266817092896,5
2013-11-14,0.1990913450717926,4
2013-11-15,0.0,2
2013-11-18,0.2499905526638031,4
2013-11-19,0.11556179076433182,4
2013-11-20,0.0,5
2013-11-21,0.32854634523391724,3
2013-11-22,-0.14611666401227316,6
2013-11-25,0.2466983199119568,3
2013-11-26,-0.18922070264816285,5
2013-11-27,0.24996644258499146,4
2013-12-02,0.49999964237213135,2
2013-12-03,0.0,1
2013-12-04,0.0,2
2013-12-05,0.0,1
2013-12-06,-0.49633127450942993,2
2013-12-09,0.31590433915456134,3
2013-12-10,0.4533651868502299,3
2013-12-11,0.0,4
2013-12-12,0.16583853960037231,6
2013-12-13,0.0,6
2013-12-16,0.49999749660491943,2
2013-12-17,0.24983663856983185,4
2013-12-18,0.0,3
2013-12-19,0.33160120248794556,3
2013-12-20,-0.49687856435775757,2
2013-12-23,0.24981649219989777,4
2013-12-24,-0.26704907417297363,3
2013-12-30,0.0,2
2013-12-31,0.3328658541043599,6
2014-01-02,-0.3950003027915955,5
2014-01-03,0.0,1
2014-01-06,-0.3999964475631714,5
2014-01-07,0.16664564609527588,6
2014-01-08,0.0,2
2014-01-09,0.3333299160003662,3
2014-01-10,0.395380437374115,5
2014-01-13,-0.5855786005655924,3
2014-01-15,0.0,3
2014-01-16,0.0,2
2014-01-17,-0.13341417908668518,6
2014-01-22,0.0,5
2014-01-23,0.0,4
2014-01-24,-0.4476026197274526,6
2014-01-27,0.0,1
2014-01-28,0.0,3
2014-01-30,0.49785739183425903,4
2014-01-31,-0.485087913274765,5
2014-02-03,-0.5939267635345459,5
2014-02-04,0.0,2
2014-02-05,0.0,3
2014-02-06,0.33331412076950073,6
2014-02-07,-0.4891952574253082,2
2014-02-11,0.4080858925978343,6
2014-02-12,0.19999997615814208,5
2014-02-13,0.0,4
2014-02-14,0.4999716877937317,2
2014-02-18,0.0,2
2014-02-19,0.0,2
2014-02-20,0.1665086249510447,3
2014-02-21,-0.49931982159614563,2
2014-02-24,0.3330002824465434,3
2014-02-25,0.17626776297887167,3
2014-02-26,0.0,1
2014-02-27,0.4999958276748657,2
2014-02-28,-2.0606177193777902e-05,7
2014-03-03,0.0,3
2014-03-04,-0.24813997745513916,4
2014-03-05,0.0,1
2014-03-06,9.289979934692382e-05,5
2014-03-07,-0.13094031810760498,5
2014-03-10,-0.59716876745224,5
2014-03-11,-0.9797354936599731,1
2014-03-12,-0.45582446455955505,2
2014-03-13,-0.24999722838401794,4
2014-03-14,-0.19998247623443605,5
2014-03-17,0.10379481315612793,3
2014-03-18,-0.00995485782623291,5
2014-03-19,0.0,3
2014-03-21,0.3311146100362142,3
2014-03-24,0.0,2
2014-03-25,0.6302344600359598,3
2014-03-26,0.14194712468555995,7
2014-03-27,0.0,1
2014-03-28,0.0,3
2014-03-31,0.0,6
2014-04-01,0.1428570066179548,7
2014-04-02,0.0,4
2014-04-03,1.5894571940104166e-07,3
2014-04-04,-0.3330722252527873,3
2014-04-07,0.0,2
2014-04-08,0.0,1
2014-04-09,-0.3326217532157898,3
2014-04-10,0.0,1
2014-04-11,0.0,2
2014-04-14,0.001976156234741211,5
2014-04-15,0.0,5
2014-04-16,0.0,1
2014-04-17,0.00011632839838663737,6
2014-04-21,0.0,4
2014-04-22,0.0,1
2014-04-23,0.333321491877238,3
2014-04-24,0.33315108219782513,3
2014-04-25,0.0,5
2014-04-28,0.15670034289360046,6
2014-04-29,0.0,1
2014-04-30,0.0,3
2014-05-01,0.0,1
2014-05-02,-0.1962639570236206,5
2014-05-05,0.0,4
2014-05-06,0.9100431799888611,1
2014-05-07,0.07176012794176738,6
2014-05-08,-0.19925098419189452,5
2014-05-09,-0.015625496705373127,3
2014-05-12,0.0,3
2014-05-13,0.3801750987768173,4
2014-05-14,0.0,4
2014-05-15,0.3998958468437195,5
2014-05-19,-0.19990851879119872,5
2014-05-20,0.0,2
2014-05-21,0.0,1
2014-05-22,0.0,3
2014-05-23,-0.14746866623560587,6
2014-05-27,0.24747900664806366,4
2014-05-28,0.0,3
2014-05-29,0.00042364001274108887,6
2014-05-30,0.0,3
2014-06-02,0.1454265515009562,6
2014-06-03,0.2519925038019816,3
2014-06-04,0.999131977558136,1
2014-06-05,0.0,4
2014-06-06,0.08074046884264265,7
2014-06-09,0.24991526206334433,3
2014-06-10,0.0,4
2014-06-11,-0.6647742390632629,3
2014-06-12,0.0,4
2014-06-13,0.0,3
2014-06-16,0.44468650221824646,4
2014-06-17,0.0,2
2014-06-18,0.7739230275154114,5
2014-06-19,-0.11553881168365479,5
2014-06-20,8.424123128255209e-06,6
2014-06-23,-0.38387590646743774,2
2014-06-24,0.2479228377342224,4
2014-06-25,0.0,3
2014-06-26,0.0,2
2014-06-27,0.0,2
2014-06-30,0.9996917247772217,1
2014-07-01,-0.4496036767959595,4
2014-07-02,0.19999978542327881,5
2014-07-03,0.3914198637008667,5
2014-07-07,0.0,1
2014-07-08,-0.1999151349067688,5
2014-07-09,-0.05505642294883728,2
2014-07-10,-0.2679492036501567,3
2014-07-11,0.0,2
2014-07-14,0.17913807630538942,5
2014-07-15,0.1332361176609993,8
2014-07-16,0.0,4
2014-07-17,0.1580820322036743,5
2014-07-18,0.0,1
2014-07-21,0.3908113598823547,5
2014-07-22,0.3999987363815308,5
2014-07-23,0.0,1
2014-07-24,0.0,1
2014-07-25,0.0006927847862243652,2
2014-07-28,0.9999997615814209,1
2014-07-29,-0.32939908901850384,3
2014-07-30,0.0,2
2014-07-31,-0.4792909324169159,4
2014-08-01,-1.780986785888672e-05,5
2014-08-04,0.0,1
2014-08-05,0.25466546416282654,6
2014-08-06,-0.987286388874054,1
2014-08-07,-0.3881584882736206,5
2014-08-08,0.1634436547756195,4
2014-08-11,0.5,2
2014-08-12,0.0,2
2014-08-13,0.13827718496322633,5
2014-08-14,0.14665343364079794,6
2014-08-15,0.0,3
2014-08-18,0.0,4
2014-08-19,0.1666534940401713,6
2014-08-20,0.0,3
2014-08-21,0.8993245959281921,2
2014-08-22,0.33258424202601117,3
2014-08-25,0.3214854598045349,3
2014-08-26,0.0,5
2014-08-28,0.015779972076416016,5
2014-08-29,0.24998274445533752,4
2014-09-02,0.0,4
2014-09-03,-0.33333297570546466,3
2014-09-04,0.20292071998119354,2
2014-09-05,-0.327717920144399,3
2014-09-08,0.39998366832733157,5
2014-09-09,0.0,5
2014-09-10,-0.9966613054275513,1
2014-09-11,0.14438720941543579,5
2014-09-12,0.0,4
2014-09-15,0.0,1
2014-09-16,-0.14005850894110544,7
2014-09-17,0.0,4
2014-09-18,0.007062196731567383,5
2014-09-19,-0.18231036265691122,3
2014-09-23,7.3909759521484375e-06,4
2014-09-24,0.0,1
2014-09-25,-0.33333301544189453,3
2014-09-26,-0.6089021762212118,3
2014-09-29,0.49999821186065674,2
2014-09-30,-0.3327225049336751,6
2014-10-01,0.41459810733795166,4
2014-10-02,-0.333332101504008,6
2014-10-03,-0.49837109446525574,2
2014-10-06,-0.2378804087638855,4
2014-10-07,0.0,3
2014-10-08,0.0,3
2014-10-09,0.19999892711639405,5
2014-10-10,0.1745723088582357,3
2014-10-13,-0.4999978542327881,2
2014-10-14,0.16666579246520996,6
2014-10-15,-0.12162956595420837,8
2014-10-17,0.0,1
2014-10-20,0.3333318630854289,3
2014-10-21,0.2397320568561554,4
2014-10-22,0.0,3
2014-10-23,0.28446257965905325,7
2014-10-24,0.0,2
2014-10-27,-0.18602041403452554,3
2014-10-28,0.04494021336237589,3
2014-10-29,0.3330855170885722,3
2014-10-30,0.4995191693305969,2
2014-10-31,0.9980826377868652,1
2014-11-03,-0.31027448177337646,3
2014-11-04,0.0,2
2014-11-05,0.11805574595928192,4
2014-11-06,0.0,4
2014-11-07,0.49025723338127136,2
2014-11-10,0.07659053802490234,4
2014-11-11,0.0,3
2014-11-12,-0.05911717812220255,3
2014-11-13,0.1296290159225464,7
2014-11-14,-0.24220694601535797,4
2014-11-17,0.9981203675270081,1
2014-11-18,0.0,3
2014-11-19,0.0,1
2014-11-20,0.12499727308750153,8
2014-11-21,0.33331016699473065,3
2014-11-24,0.3289873997370402,3
2014-11-25,0.0,1
2014-11-26,0.0,3
2014-11-28,0.24476972222328186,4
2014-12-01,0.0,5
2014-12-02,0.33333325386047363,3
2014-12-03,0.3331200182437897,6
2014-12-04,0.2114279717206955,4
2014-12-05,-0.006293495496114095,3
2014-12-08,-0.49993830919265747,2
2014-12-09,-0.1432468593120575,4
2014-12-10,0.16666666666666666,6
2014-12-11,0.19997122287750244,5
2014-12-12,-0.33318541447321576,3
2014-12-15,0.0,2
2014-12-16,-0.4999891519546509,2
2014-12-17,0.3333328167597453,3
2014-12-18,0.0,5
2014-12-19,-0.24999824166297913,4
2014-12-22,-0.4902188181877136,2
2014-12-23,0.1993497610092163,5
2014-12-26,0.6527452270189921,3
2014-12-29,0.9947707056999207,1
2014-12-30,-0.5673868656158447,3
2014-12-31,0.2830663578850882,7
2015-01-02,0.0,4
2015-01-05,0.4997555613517761,2
2015-01-06,0.0,4
2015-01-07,0.6666662693023682,3
2015-01-08,-0.249998539686203,4
2015-01-09,-0.2713456352551778,3
2015-01-12,0.0,1
2015-01-13,-0.33088735077116227,9
2015-01-14,0.0,5
2015-01-15,0.0,6
2015-01-16,0.0,3
2015-01-20,0.0,5
2015-01-21,0.0,2
2015-01-22,0.0,2
2015-01-23,0.0,1
2015-01-26,0.0,1
2015-01-27,3.981590270996094e-05,2
2015-01-28,0.0,2
2015-01-29,0.2167850136756897,4
2015-01-30,-0.24980705976486206,4
2015-02-02,-0.4999997019767761,2
2015-02-03,0.1666436791419983,6
2015-02-04,0.0,5
2015-02-05,-0.07215188940366109,6
2015-02-06,0.0,5
2015-02-09,0.49569982290267944,2
2015-02-10,0.0,6
2015-02-11,0.3332335948944092,3
2015-02-12,0.0,2
2015-02-13,0.11580997705459595,6
2015-02-17,0.0,1
2015-02-18,0.0,5
2015-02-19,0.39997406005859376,5
2015-02-20,0.5,2
2015-02-24,0.487762913107872,4
2015-02-25,0.0,6
2015-02-26,0.0,2
2015-03-02,0.0,1
2015-03-03,0.9999998807907104,1
2015-03-04,0.0,3
2015-03-05,0.0,1
2015-03-06,0.9568693041801453,1
2015-03-09,0.0,2
2015-03-10,0.3657975047826767,4
2015-03-11,0.0,3
2015-03-12,0.0,3
2015-03-13,-0.3332985242207845,3
2015-03-16,0.39947086572647095,5
2015-03-17,0.022631502151489256,5
2015-03-18,-0.9998546838760376,1
2015-03-19,0.0,6
2015-03-23,0.027630021174748737,6
2015-03-24,0.0,4
2015-03-25,0.0,2
2015-03-26,-0.499475359916687,2
2015-03-27,0.0,4
2015-03-30,0.0,3
2015-04-01,0.24998456239700317,4
2015-04-02,0.0,4
2015-04-06,-0.24988962709903717,4
2015-04-07,0.0,1
2015-04-08,0.4983752518892288,4
2015-04-09,0.1997086763381958,5
2015-04-13,-0.582062840461731,1
2015-04-14,0.6666533549626669,3
2015-04-15,0.3333181142807007,3
2015-04-16,-0.2499883472919464,4
2015-04-17,0.6656425992647806,3
2015-04-20,-0.49881625175476074,2
2015-04-21,-0.0005411624908447266,5
2015-04-22,0.0,1
2015-04-23,0.0,3
2015-04-24,0.24950779229402542,8
2015-04-27,-0.05720600485801697,2
2015-04-28,-0.13656653463840485,4
2015-04-29,0.0,4
2015-04-30,0.2,5
2015-05-01,0.269050399462382,3
2015-05-04,-0.4976547062397003,2
2015-05-05,0.4988822340965271,2
2015-05-06,-0.16639883319536844,6
2015-05-07,0.0,4
2015-05-08,-0.4981597661972046,2
2015-05-11,0.47781604528427124,2
2015-05-12,-0.4337703287601471,2
2015-05-13,4.76837158203125e-07,3
2015-05-14,0.09422936042149861,6
2015-05-15,0.3333333333333333,3
2015-05-18,0.660460909207662,3
2015-05-19,0.0,3
2015-05-20,-0.6651015082995096,3
2015-05-21,-0.05274887879689535,6
2015-05-22,-0.10256233811378479,4
2015-05-26,0.33331628640492755,3
2015-05-27,0.0,2
2015-05-28,0.0,1
2015-05-29,-0.49973490834236145,2
2015-06-01,0.07148407896359761,6
2015-06-02,-0.2498910129070282,4
2015-06-03,-0.33333297570546466,3
2015-06-04,0.0,2
2015-06-05,0.20449575781822205,4
2015-06-08,0.0,2
2015-06-09,0.19993815422058106,5
2015-06-10,0.004148930311203003,4
2015-06-11,-0.4292132705450058,4
2015-06-12,0.0,2
2015-06-15,-0.48593783378601074,2
2015-06-16,-0.1663271983464559,6
2015-06-17,0.0,2
2015-06-18,0.0,3
2015-06-19,0.19999969005584717,5
2015-06-22,0.5094623565673828,3
2015-06-23,0.14317302405834198,4
2015-06-24,0.12499679625034332,8
2015-06-25,0.0,3
2015-06-26,0.0,3
2015-06-29,0.0,3
2015-06-30,-0.3330091635386149,3
2015-07-01,-0.10096525152524312,6
2015-07-02,0.6498162945111593,3
2015-07-06,0.3333118756612142,3
2015-07-07,-0.3568050265312195,2
2015-07-08,-0.4981158673763275,2
2015-07-09,0.0,2
2015-07-10,-0.016769250233968098,6
2015-07-13,0.31333643198013306,3
2015-07-14,0.33100823561350506,3
2015-07-15,0.3333170413970947,3
2015-07-16,0.5,2
2015-07-17,0.757265031337738,2
2015-07-20,-0.3331722815831502,3
2015-07-21,0.49998509883880615,2
2015-07-22,0.0,4
2015-07-23,0.4996430575847626,2
2015-07-24,0.0,4
2015-07-27,0.0,2
2015-07-28,0.3312804301579793,3
2015-07-29,0.19999978542327881,5
2015-07-30,0.0,3
2015-07-31,-0.09385058879852295,5
2015-08-03,0.0,2
2015-08-04,-0.3660191098848979,3
2015-08-05,0.1999924898147583,5
2015-08-06,0.0,1
2015-08-07,-0.6657108664512634,3
2015-08-10,0.326796015103658,3
2015-08-11,0.25,4
2015-08-12,-0.4652601629495621,4
2015-08-13,0.028128013014793396,4
2015-08-14,-0.39987545013427733,5
2015-08-17,-0.7060977816581726,1
2015-08-19,0.0,2
2015-08-20,-0.499624103307724,2
2015-08-21,-0.33332471052805585,3
2015-08-24,-0.08598688244819641,8
2015-08-25,-0.27784375633512226,7
2015-08-26,-0.19664039611816406,5
2015-08-28,0.0,4
2015-08-31,-0.3329620560010274,3
2015-09-01,-0.1643180251121521,3
2015-09-02,0.4993128776550293,2
2015-09-03,-0.3333261013031006,3
2015-09-04,-0.3331230680147807,3
2015-09-08,0.0,4
2015-09-09,-0.21148320039113364,3
2015-09-10,0.0,1
2015-09-11,0.0,3
2015-09-14,0.33305339018503827,3
2015-09-15,0.34004333019256594,5
2015-09-16,0.3429570496082306,2
2015-09-17,-0.20438084999720255,3
2015-09-18,0.4736340641975403,2
2015-09-21,0.3993653416633606,5
2015-09-22,-0.49999165534973145,2
2015-09-23,-0.15098944306373596,4
2015-09-24,0.49912796914577484,4
2015-09-25,-0.7127765417098999,4
2015-09-29,0.003218690554300944,3
2015-09-30,-0.9999908208847046,1
2015-10-01,-0.20252816379070282,4
2015-10-02,0.0,2
2015-10-05,-0.9999998807907104,1
2015-10-06,-0.42681844745363506,7
2015-10-07,0.0,4
2015-10-08,0.49678903818130493,4
2015-10-09,0.0,1
2015-10-12,-0.278406023979187,3
2015-10-13,0.005799392859141032,3
2015-10-14,0.16666575272878012,6
2015-10-15,-0.28010276953379315,3
2015-10-16,-0.4760425388813019,4
2015-10-19,-0.3333057959874471,3
2015-10-20,0.0,4
2015-10-21,-0.3322310447692871,3
2015-10-22,0.0,3
2015-10-23,0.24999725818634033,4
2015-10-26,-0.24951964616775513,4
2015-10-27,0.3799639493227005,4
2015-10-28,0.07056208451588948,3
2015-10-29,0.4886973202228546,4
2015-10-30,0.0,2
2015-11-02,0.0,2
2015-11-03,-0.24948032200336456,4
2015-11-04,0.24891258776187897,4
2015-11-05,-0.49449586868286133,2
2015-11-06,0.0,4
2015-11-09,0.0,3
2015-11-10,0.0,2
2015-11-11,-0.2465606927871704,4
2015-11-12,0.0,1
2015-11-13,0.0,1
2015-11-16,-0.15715945959091188,5
2015-11-17,-0.49998176097869873,2
2015-11-18,-0.12824170930044992,7
2015-11-19,-0.499999463558197,2
2015-11-20,0.0,4
2015-11-23,-0.9997052550315857,1
2015-11-24,-0.24999436736106873,4
2015-11-25,-0.02573692798614502,7
2015-11-27,0.0,2
2015-11-30,0.4365791082382202,2
2015-12-01,0.30900394916534424,3
2015-12-02,0.24998408555984497,4
2015-12-03,-0.9999898672103882,1
2015-12-04,0.6650021274884542,3
2015-12-07,0.0,1
2015-12-08,0.1928585171699524,5
2015-12-09,-0.3325701157251994,3
2015-12-10,0.0,3
2015-12-11,-0.14284443855285645,7
2015-12-14,0.0,2
2015-12-15,0.0,6
2015-12-16,0.0015423893928527832,3
2015-12-17,0.0,5
2015-12-18,0.44291924436887103,6
2015-12-21,0.999042809009552,1
2015-12-22,-0.999985933303833,1
2015-12-23,0.4986780881881714,4
2015-12-24,0.0,3
2015-12-28,0.0,1
2015-12-30,0.0,2
2015-12-31,0.05919861048460007,8
2016-01-04,-0.4999999403953552,2
2016-01-05,-0.23105370998382568,4
2016-01-06,0.3333332935969035,3
2016-01-07,-0.24867676198482513,4
2016-01-08,-0.19984980821609497,5
2016-01-11,-0.3333271344502767,3
2016-01-12,0.3333333333333333,3
2016-01-13,0.5995982646942138,5
2016-01-14,0.18739457641329085,7
2016-01-15,0.9897968570391337,3
2016-01-19,0.0,1
2016-01-20,0.156765239579337,7
2016-01-21,-0.1571413775285085,6
2016-01-22,-0.38024240732192993,4
2016-01-25,-0.11555898934602737,4
2016-01-26,0.0,1
2016-01-27,0.0,4
2016-01-28,0.0,1
2016-01-29,0.14013218879699707,6
2016-02-01,0.0,1
2016-02-02,-0.2498721480369568,4
2016-02-03,0.0,1
2016-02-04,0.0,1
2016-02-05,-0.49976247549057007,2
2016-02-08,0.33333325386047363,3
2016-02-09,-0.1438169628381729,4
2016-02-10,-0.2096164971590042,4
2016-02-11,-0.16220422585805258,6
2016-02-12,-0.007702678442001343,4
2016-02-16,-0.49999648332595825,2
2016-02-17,0.20804269115130106,6
2016-02-19,0.0,1
2016-02-22,0.0,4
2016-02-23,-0.6583401958147684,3
2016-02-24,-0.44517214596271515,4
2016-02-25,0.9973300695419312,1
2016-02-26,0.0,3
2016-02-29,0.0,3
2016-03-01,-0.3389615178108215,5
2016-03-02,-0.2498595267534256,4
2016-03-03,-0.19791181882222494,3
2016-03-04,-0.33333325386047363,3
2016-03-07,0.0,4
2016-03-08,0.49978984892368317,4
2016-03-09,0.4999237060546875,4
2016-03-10,0.556984563668569,3
2016-03-11,0.0,1
2016-03-14,0.0,4
2016-03-15,0.0,2
2016-03-16,0.4971351623535156,2
2016-03-17,0.0,1
2016-03-18,0.0,1
2016-03-22,0.4999997019767761,2
2016-03-23,-0.17905020713806152,5
2016-03-24,-0.16649259130160013,6
2016-03-28,0.0,4
2016-03-29,0.0,2
2016-03-30,0.0,4
2016-03-31,-0.2142935660150316,9
2016-04-01,0.0,2
2016-04-04,0.0,1
2016-04-05,-0.3867087960243225,5
2016-04-06,0.24818702538808188,3
2016-04-07,-0.33332590262095135,3
2016-04-08,0.49999988079071045,2
2016-04-11,0.0002124309539794922,4
2016-04-12,0.0,1
2016-04-13,-0.1120046888078962,7
2016-04-14,0.3333251078923543,3
2016-04-15,-0.49974653124809265,4
2016-04-18,0.3333309491475423,3
2016-04-19,0.3652582849775042,7
2016-04-20,0.0,1
2016-04-21,0.7681895136833191,5
2016-04-22,-1.7603238423665363e-05,3
2016-04-25,0.0,1
2016-04-26,0.30877145131429035,3
2016-04-27,0.0,2
2016-04-29,0.0,2
2016-05-02,-0.35679417848587036,2
2016-05-03,-0.4999995231628418,2
2016-05-04,-0.24997150897979736,4
2016-05-05,-0.24999955296516418,4
2016-05-06,0.0,3
2016-05-09,0.0,1
2016-05-10,-0.315921147664388,3
2016-05-11,0.0,1
2016-05-12,-0.08806540568669637,3
2016-05-13,-0.4857132077217102,5
2016-05-16,0.0,3
2016-05-17,-0.33333245913187665,3
2016-05-18,0.19731385707855226,5
2016-05-19,0.0,1
2016-05-20,0.25,4
2016-05-23,0.0,5
2016-05-24,0.0,1
2016-05-25,0.14285714285714285,7
2016-05-26,0.0,2
2016-05-27,0.8184374570846558,1
2016-05-31,0.0,2
2016-06-01,-0.7499789595603943,4
2016-06-02,-0.49102477232615155,6
2016-06-03,-0.9816223680973053,2
2016-06-07,0.0,2
2016-06-08,0.33333321412404376,3
2016-06-09,-0.9977829158306122,2
2016-06-10,0.0,2
2016-06-13,-0.15881537199020385,5
2016-06-14,0.24877195060253143,4
2016-06-15,0.0,2
2016-06-16,0.019524359703063966,5
2016-06-17,0.0,4
2016-06-20,-0.4471862316131592,2
2016-06-21,0.0,3
2016-06-22,0.12560616433620453,8
2016-06-23,-0.310294250647227,3
2016-06-24,-0.4837351441383362,6
2016-06-27,-0.17504307627677917,4
2016-06-28,0.0,1
2016-06-29,0.16666664679845175,6
2016-06-30,0.24998363852500916,4
2016-07-01,-0.9475555419921875,1
2016-07-05,-5.5571397145589195e-05,3
2016-07-06,0.4666752815246582,4
2016-07-07,-0.5805604100227356,5
2016-07-08,0.6666661103566488,3
2016-07-11,0.4708954691886902,6
2016-07-12,0.49998724460601807,4
2016-07-13,0.3003726601600647,3
2016-07-14,0.5995785117149353,5
2016-07-15,0.0,2
2016-07-18,0.0,2
2016-07-19,0.39613804817199705,5
2016-07-20,-0.24518117308616638,4
2016-07-21,0.0,2
2016-07-22,6.155669689178467e-05,4
2016-07-25,0.0,1
2016-07-26,-8.538365364074707e-05,4
2016-07-27,-0.19999988079071046,5
2016-07-28,0.2857089212962559,7
2016-07-29,-0.1350624958674113,3
2016-08-01,0.3454382022221883,3
2016-08-02,8.881092071533203e-06,2
2016-08-03,-0.3329695264498393,6
2016-08-04,-0.3333256244659424,3
2016-08-05,0.0,2
2016-08-08,0.24999722838401794,4
2016-08-09,0.007771694660186767,5
2016-08-11,-0.12652507424354553,6
2016-08-12,0.0,2
2016-08-15,-0.25144532322883606,2
2016-08-16,0.009685322642326355,4
2016-08-17,0.07291299601395924,6
2016-08-19,0.14285671710968018,7
2016-08-22,0.0,4
2016-08-29,-0.9075450897216797,1
2016-08-30,0.3332302172978719,3
2016-08-31,0.0,3
2016-09-01,0.0,1
2016-09-02,-8.344650268554688e-06,3
2016-09-06,0.0,3
2016-09-07,0.0,7
2016-09-08,0.0,2
2016-09-09,-0.3333025376001994,3
2016-09-12,0.3333333333333333,3
2016-09-13,0.0,2
2016-09-14,0.15056307315826417,5
2016-09-15,0.5537886619567871,1
2016-09-16,0.499996542930603,2
2016-09-19,0.3319484392801921,6
2016-09-20,0.0,1
2016-09-21,0.24898850917816162,4
2016-09-22,0.9999204874038696,1
2016-09-23,0.014007538557052612,4
2016-09-26,0.0,1
2016-09-28,-0.2494238168001175,4
2016-09-29,2.7447938919067383e-05,4
2016-09-30,-0.052593812346458435,4
2016-10-03,0.0,5
2016-10-04,-0.0028448402881622314,4
2016-10-06,-0.24243979156017303,4
2016-10-07,-0.9943807721138,1
2016-10-10,0.0,1
2016-10-11,0.0,5
2016-10-12,0.8399331569671631,1
2016-10-13,0.0,3
2016-10-14,-0.33327064911524457,3
2016-10-17,0.0,1
2016-10-18,0.0,2
2016-10-19,0.0,3
2016-10-20,0.1406772562435695,7
2016-10-21,-0.2493547797203064,4
2016-10-24,-0.3333324193954468,3
2016-10-25,0.0,1
2016-10-26,0.08270204663276673,5
2016-10-27,0.0,3
2016-10-28,0.0,3
2016-10-31,0.0,3
2016-11-01,0.332297682762146,3
2016-11-02,0.4999964237213135,2
2016-11-03,0.2063769300778707,3
2016-11-04,-0.12625930990491593,7
2016-11-07,0.0,3
2016-11-08,0.0,3
2016-11-09,-0.10820522573259142,9
2016-11-10,0.47913503646850586,2
2016-11-11,-0.49998804926872253,4
2016-11-14,0.4999641180038452,2
2016-11-15,0.0,2
2016-11-16,-0.45709124207496643,2
2016-11-17,0.0,3
2016-11-18,0.0,2
2016-11-21,0.0,3
2016-11-22,0.4669327884912491,4
2016-11-23,0.020008385181427002,6
2016-11-25,0.0,1
2016-11-28,0.39210303127765656,4
2016-11-29,-0.8432018756866455,1
2016-11-30,-0.1999948263168335,5
2016-12-01,0.33329959710439044,3
2016-12-02,-0.4425068199634552,4
2016-12-05,-1.239776611328125e-06,5
2016-12-06,-0.33293310801188153,3
2016-12-07,0.45524415373802185,4
2016-12-08,0.0,3
2016-12-09,-0.4296351671218872,2
2016-12-12,0.49999988079071045,2
2016-12-13,0.009941190481185913,4
2016-12-14,-0.19981013536453246,5
2016-12-15,-0.4999900460243225,2
2016-12-16,-0.03154104948043823,4
2016-12-19,0.427090659737587,4
2016-12-20,-0.9999427795410156,1
2016-12-21,0.05278162161509196,3
2016-12-22,0.0,3
2016-12-23,0.0,2
2016-12-27,0.0,3
2016-12-28,0.49989476799964905,2
2016-12-29,0.0,1
2016-12-30,0.8279783328374227,6
2017-01-03,0.2447943240404129,4
2017-01-04,0.0,5
2017-01-05,0.5,2
2017-01-06,0.9999995231628418,1
2017-01-10,-0.973139762878418,1
2017-01-11,0.0,5
2017-01-12,0.0,1
2017-01-13,0.0,1
2017-01-17,0.0,1
2017-01-18,0.4053486943244934,5
2017-01-19,0.49997133016586304,2
2017-01-20,0.3982012629508972,5
2017-01-23,0.0,3
2017-01-24,-0.654030442237854,3
2017-01-25,0.39963436126708984,5
2017-01-26,0.0,4
2017-01-27,0.24989871680736542,4
2017-01-31,0.33332280317942303,3
2017-02-01,-0.008578941226005554,4
2017-02-02,0.9641674757003784,1
2017-02-03,-0.9675036072731018,2
2017-02-06,-0.336508184671402,2
2017-02-07,-0.0036199241876602173,4
2017-02-08,-0.4997369945049286,2
2017-02-09,0.0,4
2017-02-10,-0.4987840950489044,2
2017-02-13,0.0,2
2017-02-14,0.0,1
2017-02-15,-0.3639478087425232,2
2017-02-16,0.0,3
2017-02-17,0.0,4
2017-02-21,0.0,2
2017-02-22,0.11402605473995209,4
2017-02-23,0.0,3
2017-02-24,0.42246389389038086,2
2017-02-27,-0.3018268545468648,3
2017-02-28,0.49999934434890747,2
2017-03-01,-0.233209028840065,4
2017-03-03,0.000258713960647583,2
2017-03-06,0.0,3
2017-03-07,0.18774773180484772,4
2017-03-08,0.19999828338623046,5
2017-03-09,0.0,4
2017-03-10,0.0,2
2017-03-13,0.23863155841827394,5
2017-03-14,0.0027324557304382324,3
2017-03-16,0.002103954553604126,4
2017-03-17,0.0,3
2017-03-20,0.4999026656150818,4
2017-03-21,-0.5654544035593668,3
2017-03-22,-0.023214489221572876,4
2017-03-23,0.0,1
2017-03-24,-0.4999645948410034,2
2017-03-27,0.7406169027090073,4
2017-03-28,0.0,1
2017-03-29,0.14260268211364746,7
2017-03-30,0.0,1
2017-03-31,0.9999933242797852,1
2017-04-03,-0.5833201011021932,3
2017-04-04,0.24999457597732544,4
2017-04-05,-0.28583425283432007,7
2017-04-06,-0.24999964237213135,4
2017-04-07,0.33329490820566815,3
2017-04-10,0.0,3
2017-04-11,-0.2723533511161804,2
2017-04-12,0.2175006866455078,4
2017-04-13,0.24787326157093048,4
2017-04-17,0.0,2
2017-04-18,-0.24999892711639404,4
2017-04-19,0.0,2
2017-04-20,0.0,3
2017-04-21,-0.499994695186615,2
2017-04-24,0.6385708252588908,3
2017-04-25,-0.3314012885093689,3
2017-04-26,0.022638726234436034,5
2017-04-27,0.0,1
2017-04-28,0.25,4
2017-05-02,-0.3316204746564229,3
2017-05-03,0.1666109561920166,6
2017-05-04,0.4999999403953552,2
2017-05-05,0.0,2
2017-05-08,0.24998366832733154,4
2017-05-09,0.3328065077463786,3
2017-05-10,0.25,4
2017-05-11,0.0,1
2017-05-12,0.0,1
2017-05-15,-0.2015237808227539,4
2017-05-16,-0.38296958804130554,4
2017-05-17,-0.14988617102305093,6
2017-05-18,-0.501187821229299,3
2017-05-22,-0.2473226934671402,4
2017-05-23,0.0,3
2017-05-24,0.19134026765823364,5
2017-05-30,0.5996515154838562,5
2017-05-31,0.0,3
2017-06-01,0.0,3
2017-06-02,-0.6666251023610433,3
2017-06-05,-0.6557239691416422,3
2017-06-07,-0.4998221695423126,4
2017-06-08,0.0,2
2017-06-09,0.0,1
2017-06-12,-0.2197746237119039,6
2017-06-13,0.3883716804640634,7
2017-06-14,0.0,1
2017-06-15,0.0,3
2017-06-16,0.0,2
2017-06-19,0.5,2
2017-06-20,0.0344767173131307,3
2017-06-21,0.0,5
2017-06-22,0.0,6
2017-06-23,0.49723631143569946,4
2017-06-26,0.17620896299680075,3
2017-06-27,0.39947158098220825,5
2017-06-28,-0.9639982581138611,1
2017-06-29,0.08917206525802612,4
2017-06-30,0.0,1
2017-07-03,0.0,2
2017-07-05,2.30868657430013e-05,6
2017-07-06,0.0,4
2017-07-07,0.49999547004699707,2
2017-07-10,-0.5457722067832946,5
2017-07-11,0.49999767541885376,2
2017-07-12,0.14564369122187296,3
2017-07-13,-0.9926421046257019,1
2017-07-14,-0.49989256262779236,2
2017-07-17,0.0,2
2017-07-18,-0.9999936819076538,1
2017-07-19,0.0,2
2017-07-20,0.07514963150024415,5
2017-07-24,0.0,1
2017-07-25,0.9999998807907104,1
2017-07-26,0.0,1
2017-07-27,0.0,1
2017-07-28,0.0,2
2017-07-31,-0.20526895920435587,3
2017-08-01,-0.23455274105072021,4
2017-08-02,0.0,2
2017-08-03,0.5,2
2017-08-04,0.0,1
2017-08-07,-0.8828015029430389,2
2017-08-08,-0.15924303531646727,5
2017-08-09,0.0,5
2017-08-10,0.7411742657423019,4
2017-08-14,0.0,4
2017-08-16,0.05379477143287659,4
2017-08-17,-0.19999616146087645,5
2017-08-18,0.0,4
2017-08-21,2.1159648895263672e-05,2
2017-08-22,-0.24999451637268066,4
2017-08-23,0.32168954610824585,3
2017-08-24,-0.24998551607131958,4
2017-08-28,6.532669067382812e-06,5
2017-08-30,0.3333198626836141,3
2017-08-31,-0.47129030525684357,4
2017-09-01,-0.9951907396316528,1
2017-09-05,0.0,1
2017-09-06,0.0,6
2017-09-07,0.0,4
2017-09-08,0.39754089117050173,5
2017-09-11,0.9999995231628418,1
2017-09-12,0.19483627875645956,3
2017-09-13,0.9999996423721313,1
2017-09-14,1.0,1
2017-09-15,-0.2499995231628418,4
2017-09-18,-0.999210000038147,1
2017-09-19,0.4913634657859802,2
2017-09-20,0.9998882114887238,2
2017-09-21,-0.6099966764450073,1
2017-09-22,-0.3500592350959778,5
2017-09-25,-0.9996084570884705,1
2017-09-26,-0.06149610877037048,4
2017-09-27,0.0,5
2017-09-28,0.9999943971633911,1
2017-09-29,0.6340842097997665,4
2017-10-02,-0.4998994767665863,2
2017-10-03,0.11299278338750203,3
2017-10-04,0.0,1
2017-10-05,0.9999418258666992,1
2017-10-06,0.0016058236360549927,4
2017-10-09,0.4529806772867839,6
2017-10-10,-0.35729220509529114,2
2017-10-11,0.0,6
2017-10-12,0.0,2
2017-10-13,-0.5763935685157776,5
2017-10-16,-0.3333332935969035,3
2017-10-17,-0.2719478905200958,2
2017-10-18,0.0,1
2017-10-19,-0.41658851504325867,2
2017-10-20,-0.48199355602264404,2
2017-10-23,0.25133243203163147,6
2017-10-24,3.7276744842529296e-05,5
2017-10-25,0.22908850014209747,4
2017-10-27,0.23796772956848145,4
2017-10-30,-0.4999536871910095,2
2017-10-31,0.3333332935969035,3
2017-11-01,0.0,2
2017-11-02,0.0,2
2017-11-03,-0.4999997019767761,2
2017-11-06,0.26138274158750263,7
2017-11-07,0.0,3
2017-11-08,0.1024111658334732,4
2017-11-09,0.32663241028785706,6
2017-11-10,0.0,1
2017-11-13,-0.33322465419769287,3
2017-11-14,0.009962213039398194,5
2017-11-15,0.0,4
2017-11-16,0.2955863078435262,3
2017-11-20,0.0,3
2017-11-21,0.0,3
2017-11-22,0.4999546408653259,2
2017-11-24,0.0,1
2017-11-29,0.6665782729784647,3
2017-11-30,0.0,1
2017-12-04,-0.09064929684003194,6
2017-12-05,0.33096466461817425,3
2017-12-06,0.0,1
2017-12-07,0.24988718330860138,4
2017-12-08,0.4453536868095398,3
2017-12-11,-0.24984899163246155,4
2017-12-18,0.0,2
2017-12-19,0.26282377541065216,4
2017-12-20,-0.2428535670042038,4
2017-12-21,0.24779577553272247,4
2017-12-22,0.3333308696746826,3
2017-12-26,0.3333333333333333,3
2017-12-27,0.9995952248573303,1
2017-12-28,-0.15351933240890503,6
2017-12-29,0.6650809049606323,3
2018-01-02,0.1380104356341892,9
2018-01-03,0.16644328832626343,6
2018-01-04,0.0,2
2018-01-05,0.4999433755874634,2
2018-01-08,0.07601657509803772,6
2018-01-09,0.6663419405619303,3
2018-01-10,0.4999922513961792,2
2018-01-12,-0.18129859368006387,3
2018-01-16,0.21892409026622772,4
2018-01-17,0.3333332935969035,3
2018-01-18,0.0,2
2018-01-19,0.0,3
2018-01-22,-0.11558385690053304,6
2018-01-23,0.4470174312591553,4
2018-01-24,0.45703306794166565,2
2018-01-25,0.9986949563026428,1
2018-01-26,0.0005856156349182129,6
2018-01-29,0.0,2
2018-01-30,0.37170078073229107,7
2018-01-31,-0.6662996212641398,3
2018-02-01,0.19981696605682372,5
2018-02-02,-0.14197640759604319,7
2018-02-05,-0.7499243766069412,4
2018-02-06,-0.31805482506752014,6
2018-02-07,0.24821287393569946,4
2018-02-08,-0.4407062232494354,4
2018-02-09,-0.3333126703898112,3
2018-02-12,0.16615779201189676,6
2018-02-13,0.3333332935969035,3
2018-02-14,0.0,1
2018-02-15,0.7447800517082215,5
2018-02-16,0.24431219696998596,4
2018-02-20,-0.0007560551166534424,2
2018-02-21,0.0,1
2018-02-22,-0.3254624009132385,3
2018-02-23,0.4999997615814209,2
2018-02-26,0.4900974631309509,2
2018-02-27,-0.9997249245643616,1
2018-02-28,-0.4949680924415588,5
2018-03-01,0.24999994039535522,4
2018-03-02,0.495512992143631,2
2018-03-05,0.0,2
2018-03-06,0.16633416215578714,6
2018-03-07,0.0,3
2018-03-08,0.3333326578140259,3
2018-03-09,-0.16676024595896402,3
2018-03-12,0.0,5
2018-03-13,-0.1359739452600479,4
2018-03-14,-0.5649204850196838,3
2018-03-15,0.0,2
2018-03-16,0.0,1
2018-03-19,0.0,2
2018-03-20,0.0,3
2018-03-21,0.3324431578318278,3
2018-03-22,0.0,2
2018-03-23,0.0,1
2018-03-26,0.9688343008359274,3
2018-03-27,0.0,2
2018-03-28,-0.6569260954856873,3
2018-03-29,2.6941299438476562e-05,4
2018-04-02,-0.4159044325351715,4
2018-04-03,0.16594237089157104,6
2018-04-04,0.0,2
2018-04-05,0.49999991059303284,4
2018-04-06,0.0,2
2018-04-09,0.31248637040456134,3
2018-04-10,0.1427996073450361,7
2018-04-11,-0.24997374415397644,4
2018-04-12,0.0,1
2018-04-13,0.5330661733945211,3
2018-04-16,0.2600749135017395,6
2018-04-17,-0.24908237159252167,4
2018-04-18,-0.3333292007446289,3
2018-04-19,0.0,2
2018-04-23,0.15203473965326944,3
2018-04-24,0.3332776228586833,3
2018-04-25,0.1607561707496643,5
2018-04-26,-0.32727118333180744,3
2018-04-27,-0.015216092268625895,3
2018-04-30,0.25,4
2018-05-01,0.0,1
2018-05-02,0.49993425607681274,2
2018-05-03,0.0,4
2018-05-04,0.0,3
2018-05-07,0.0,3
2018-05-08,0.0,1
2018-05-09,0.974017858505249,2
2018-05-10,-0.4991631805896759,2
2018-05-11,0.4999999403953552,2
2018-05-14,-0.19068804383277893,4
2018-05-15,0.0,1
2018-05-16,0.33318426211675006,3
2018-05-17,0.4999978542327881,4
2018-05-18,0.4999975562095642,2
2018-05-21,0.31476534605026246,5
2018-05-22,0.399509859085083,5
2018-05-23,0.0,1
2018-05-24,-0.4999469518661499,2
2018-05-25,0.4999999403953552,2
2018-05-29,0.23970690369606018,4
2018-05-30,0.0,1
2018-05-31,-0.9999974966049194,1
2018-06-01,0.24999472498893738,4
2018-06-04,0.0,3
2018-06-05,0.3925865689913432,6
2018-06-06,-0.9997071623802185,1
2018-06-07,0.4999951124191284,2
2018-06-08,0.22010619938373566,4
2018-06-11,0.0,1
2018-06-12,-0.33333321412404376,3
2018-06-13,0.24999991059303284,4
2018-06-14,0.3333332935969035,3
2018-06-15,-0.4999202489852905,4
2018-06-18,-0.33333122730255127,3
2018-06-19,0.0,2
2018-06-20,0.0,5
2018-06-21,0.0,1
2018-06-22,-0.49999409914016724,2
2018-06-25,0.0,1
2018-06-26,0.9999288320541382,1
2018-06-27,0.0,3
2018-06-28,-0.3069532811641693,2
2018-07-02,0.4973350763320923,4
2018-07-03,-5.7220458984375e-06,3
2018-07-05,0.9464755654335022,2
2018-07-06,0.49921183784802753,6
2018-07-09,0.0011002222696940105,3
2018-07-10,0.14289175612585886,7
2018-07-11,0.04812920093536377,2
2018-07-12,0.01698625087738037,2
2018-07-13,-0.4999113380908966,2
2018-07-16,-0.14195698499679565,7
2018-07-17,0.0,3
2018-07-18,0.4999905228614807,2
2018-07-19,-0.4887408912181854,2
2018-07-20,0.0,3
2018-07-23,0.0,2
2018-07-24,-0.48133885860443115,2
2018-07-25,-0.9960795044898987,1
2018-07-26,-0.19998664855957032,5
2018-07-27,0.24999958276748657,4
2018-07-30,0.4295397467083401,9
2018-07-31,0.3999844312667847,5
2018-08-01,0.06891210873921712,3
2018-08-02,0.0,2
2018-08-03,0.0,2
2018-08-06,0.0,5
2018-08-07,0.44503045082092285,3
2018-08-08,0.49990227818489075,2
2018-08-09,-0.19994629621505738,5
2018-08-10,0.0,3
2018-08-13,-0.11779216925303142,3
2018-08-14,0.4966249018907547,4
2018-08-15,0.0,3
2018-08-16,0.0,3
2018-08-20,0.0,2
2018-08-21,0.24202175935109457,9
2018-08-22,0.5997940063476562,5
2018-08-23,0.6666504144668579,3
2018-08-24,-0.23542243242263794,4
2018-08-27,0.0,3
2018-08-28,0.3975779294967651,5
2018-08-29,-0.991996963818868,3
2018-08-30,0.9997883439064026,1
2018-08-31,0.0,3
2018-09-04,-0.016170809666315716,6
2018-09-05,-0.39974246025085447,5
2018-09-06,0.5,2
2018-09-07,1.0,1
2018-09-10,0.0,1
2018-09-11,0.00040209293365478516,5
2018-09-12,0.7497437298297882,4
2018-09-13,0.0,1
2018-09-14,0.0,2
2018-09-17,0.07801867524782817,6
2018-09-19,-0.22791199386119843,2
2018-09-20,0.4454818069934845,2
2018-09-21,0.25006915628910065,4
2018-09-24,0.0,1
2018-09-26,-0.4878215293089549,3
2018-09-27,-0.2499995231628418,4
2018-09-28,0.007704794406890869,2
2018-10-01,0.27958953380584717,6
2018-10-02,0.9998455047607422,1
2018-10-03,0.0,5
2018-10-04,0.0,1
2018-10-08,0.0,1
2018-10-09,0.0,3
2018-10-10,-0.47207706173261005,6
2018-10-11,-0.7391795665025711,4
2018-10-12,0.0029577910900115967,4
2018-10-15,6.437301635742188e-07,5
2018-10-16,-0.49738094210624695,2
2018-10-17,-0.49817267060279846,2
2018-10-18,0.24999848008155823,4
2018-10-19,-0.3330903649330139,3
2018-10-22,0.0,4
2018-10-23,0.0,4
2018-10-24,-0.31412380933761597,7
2018-10-25,-0.2772397001584371,3
2018-10-26,-0.0009401241938273112,3
2018-10-29,-0.3996535658836365,5
2018-10-30,0.5930047750473022,5
2018-10-31,-0.1964562177658081,5
2018-11-01,0.0,1
2018-11-02,0.0,1
2018-11-05,-0.35588228702545166,2
2018-11-06,0.24999088048934937,4
2018-11-07,-0.19947017431259156,5
2018-11-08,0.3333332935969035,3
2018-11-12,-0.19871000051498414,5
2018-11-13,0.9999997615814209,1
2018-11-14,0.0,6
2018-11-15,-0.1633613556623459,4
2018-11-16,0.0,1
2018-11-19,-0.29716975348336355,7
2018-11-20,-0.2625117301940918,4
2018-11-21,-0.33333150545756024,3
2018-11-23,0.0,1
2018-11-26,0.16666666666666666,6
2018-11-27,0.24956272542476654,4
2018-11-28,0.0,2
2018-11-29,-0.18545811176300048,5
2018-11-30,-0.4999898076057434,2
2018-12-03,0.0,2
2018-12-04,-0.5968654751777649,5
2018-12-06,0.1402069330215454,6
2018-12-07,0.0,1
2018-12-10,0.0,1
2018-12-11,0.0031841516494750975,5
2018-12-12,0.20016701221466066,5
2018-12-13,0.1797997236251831,5
2018-12-14,-0.9883937835693359,2
2018-12-17,-0.5972867131233215,5
2018-12-18,-0.14146184921264648,7
2018-12-19,-0.49988409876823425,2
2018-12-20,-0.3255826036135356,6
2018-12-21,-0.12240931391716003,6
2018-12-24,0.012499898672103882,4
2018-12-26,0.22222216924031576,9
2018-12-27,0.06595844527085622,6
2018-12-28,-0.8719987471898397,3
2018-12-31,-0.405632124227636,17
2019-01-02,0.2857142857142857,7
2019-01-03,0.3983762860298157,5
2019-01-04,0.14420086145401,5
2019-01-07,-0.004690885543823242,3
2019-01-08,0.19991101026535035,5
2019-01-09,-0.37439535856246947,5
2019-01-10,0.483447790145874,2
2019-01-11,0.3332115908463796,6
2019-01-14,-0.24929295480251312,4
2019-01-15,-0.9824272990226746,1
2019-01-16,0.0,2
2019-01-17,0.0,4
2019-01-18,-0.12815767526626587,7
2019-01-22,-0.24996185302734375,4
2019-01-23,0.6656532088915507,3
2019-01-24,0.1781114935874939,3
2019-01-25,0.0,3
2019-01-28,0.0,2
2019-01-29,0.0,2
2019-01-30,0.20884080231189728,8
2019-01-31,0.37425559759140015,5
2019-02-01,-0.3333323399225871,3
2019-02-04,-0.46142277121543884,2
2019-02-05,0.032866597175598145,6
2019-02-06,-0.4553939402103424,4
2019-02-07,0.49997586011886597,2
2019-02-08,-0.33331048488616943,3
2019-02-11,0.19742582241694132,3
2019-02-12,6.604194641113281e-06,5
2019-02-13,-0.0004941054752894811,7
2019-02-14,1.8278757731119792e-06,3
2019-02-15,-0.49999964237213135,2
2019-02-19,-0.22769814729690552,3
2019-02-20,0.19854222536087035,5
2019-02-21,0.24539324641227722,4
2019-02-22,0.9999996423721313,1
2019-02-25,-0.19549977779388428,5
2019-02-26,-0.09591478109359741,4
2019-02-27,0.37314114570617674,5
2019-02-28,-0.49140506982803345,2
2019-03-01,0.1984265089035034,5
2019-03-04,-0.48381420969963074,2
2019-03-05,0.24822821617126464,5
2019-03-06,-0.9999910593032837,1
2019-03-07,0.1156659722328186,4
2019-03-08,0.24671480059623718,4
2019-03-11,0.1475373407204946,3
2019-03-12,0.9999973773956299,1
2019-03-13,-0.3989903450012207,5
2019-03-14,0.0,3
2019-03-15,0.05815047877175467,7
2019-03-18,0.006732364495595296,6
2019-03-19,-0.5247833132743835,1
2019-03-21,0.4999971389770508,2
2019-03-22,-0.9999964237213135,1
2019-03-25,0.399873411655426,5
2019-03-26,0.9997961223125458,2
2019-03-27,0.0,1
2019-03-28,-0.4967814087867737,2
2019-03-29,0.3998638391494751,5
2019-04-01,0.20032559633255004,5
2019-04-02,-0.31422879298528034,3
2019-04-03,0.0,4
2019-04-04,0.0,3
2019-04-05,0.9999953508377075,1
2019-04-08,0.3899511218070984,5
2019-04-09,0.24981500208377838,4
2019-04-10,0.9999641180038452,1
2019-04-11,0.0,2
2019-04-12,0.0,3
2019-04-15,-0.49963828921318054,2
2019-04-16,0.0,1
2019-04-17,0.5,2
2019-04-18,0.6358270943164825,2
2019-04-22,0.9999958276748657,1
2019-04-23,-0.10995645523071289,5
2019-04-24,0.2490408569574356,4
2019-04-25,-0.49434271454811096,4
2019-04-26,0.3331342538197835,3
2019-04-29,0.4990200400352478,4
2019-04-30,0.3333332935969035,3
2019-05-01,-0.5382807453473409,3
2019-05-02,-0.45198607444763184,4
2019-05-03,-0.5033920208613077,3
2019-05-06,0.24999991059303284,4
2019-05-07,-0.11560393571853637,5
2019-05-08,-0.10781416893005372,5
2019-05-09,-0.3264436523119609,3
2019-05-10,0.0,3
2019-05-13,0.0,3
2019-05-14,-0.20255534648895263,5
2019-05-15,0.00017143785953521729,4
2019-05-16,0.9999972979227701,3
2019-05-17,0.0,2
2019-05-20,-0.19974057674407958,5
2019-05-21,-0.5359843373298645,1
2019-05-22,9.5367431640625e-07,6
2019-05-23,-0.33313655853271484,3
2019-05-24,0.23977304995059967,4
2019-05-28,-0.10526524980862935,3
2019-05-29,0.20966116587320963,3
2019-05-30,-0.0002580682436625163,3
2019-05-31,0.0,1
2019-06-03,-0.330530305703481,6
2019-06-04,0.0,1
2019-06-05,0.4963673949241638,4
2019-06-06,0.0,1
2019-06-07,0.2918906927108765,5
2019-06-10,0.27218328714370726,5
2019-06-11,0.3999950885772705,5
2019-06-12,0.0,1
2019-06-13,0.05437525510787964,5
2019-06-17,0.4999955892562866,2
2019-06-18,0.0,1
2019-06-19,0.3332458833853404,6
2019-06-20,0.33321770032246906,3
2019-06-21,-0.3329305450121562,3
2019-06-24,0.1394503911336263,3
2019-06-25,-0.07717028260231018,16
2019-06-26,0.0,2
2019-06-27,-0.9999982118606567,1
2019-06-28,0.37695448100566864,4
2019-07-01,0.16676467657089233,6
2019-07-02,0.9999953508377075,1
2019-07-03,0.7497006803750992,4
2019-07-05,-0.49999529123306274,2
2019-07-08,-0.18675310413042703,6
2019-07-10,-0.2492189034819603,8
2019-07-11,0.9381762146949768,1
2019-07-12,0.017252475023269653,2
2019-07-15,0.4787381589412689,3
2019-07-16,0.0,1
2019-07-17,-0.24993009865283966,4
2019-07-18,0.0,1
2019-07-19,-0.3998467683792114,5
2019-07-22,0.0,4
2019-07-23,0.0009456872940063477,2
2019-07-24,-0.33333317438761395,3
2019-07-25,0.0,5
2019-07-26,0.49997591972351074,6
2019-07-29,0.999826967716217,1
2019-07-30,0.17713886499404907,5
2019-07-31,0.0,1
2019-08-01,-0.49973824620246887,4
2019-08-02,-0.33333003520965576,3
2019-08-05,-0.4993664026260376,4
2019-08-06,0.333238422870636,3
2019-08-07,-0.35043919937951223,7
2019-08-08,-0.49999529123306274,2
2019-08-09,-0.23871873319149017,4
2019-08-12,0.0,2
2019-08-13,-0.3333331346511841,3
2019-08-14,-0.249822735786438,4
2019-08-15,-0.6645797292391459,3
2019-08-16,0.0,1
2019-08-19,0.3333306709925334,3
2019-08-20,0.0,5
2019-08-21,0.24999016523361206,4
2019-08-22,-0.3333277702331543,3
2019-08-23,0.0,3
2019-08-26,0.24995549023151398,4
2019-08-27,-0.45360445976257324,2
2019-08-28,0.24999895691871643,4
2019-08-29,0.33323798576990765,3
2019-08-30,0.2418600618839264,4
2019-09-03,-0.3485029339790344,5
2019-09-04,0.19871807098388672,5
2019-09-05,-0.4999997019767761,2
2019-09-06,0.49999868869781494,2
2019-09-09,0.5908953547477722,5
2019-09-10,0.0,2
2019-09-11,0.39993025064468385,5
2019-09-12,-0.0038107732931772866,6
2019-09-13,0.0,2
2019-09-16,-0.0004768967628479004,3
2019-09-17,0.0,2
2019-09-18,0.0,3
2019-09-19,0.26974629362424213,6
2019-09-20,-0.4840866029262543,2
2019-09-23,0.5490592002868653,5
2019-09-24,0.2919226090113322,6
2019-09-25,0.0,5
2019-09-26,-0.26121610403060913,3
2019-09-27,0.665081520875295,3
2019-09-30,-0.19993407726287843,5
2019-10-01,0.16654902696609497,6
2019-10-02,0.1440889835357666,5
2019-10-03,-0.3333328167597453,3
2019-10-04,0.0,2
2019-10-07,-0.5070063173770905,6
2019-10-08,0.0,3
2019-10-09,0.6586558818817139,3
2019-10-10,0.33332820733388263,3
2019-10-11,0.14285666601998465,7
2019-10-14,-0.48931774497032166,2
2019-10-15,0.1803966462612152,6
2019-10-16,0.6666662693023682,3
2019-10-17,0.6634723742802938,3
2019-10-18,0.006448606650034587,3
2019-10-21,2.6226043701171877e-07,5
2019-10-23,0.0,2
2019-10-24,0.0,2
2019-10-25,-0.3131989339987437,6
2019-10-28,0.6168409453497993,9
2019-10-29,0.32404518127441406,3
2019-10-30,0.5999983549118042,5
2019-10-31,0.0,3
2019-11-01,0.33288757668601143,9
2019-11-04,0.0,3
2019-11-05,0.24864685535430908,4
2019-11-06,0.16050058603286743,6
2019-11-07,0.24999988079071045,4
2019-11-08,0.19999430179595948,5
2019-11-11,0.0,2
2019-11-12,-0.37545715272426605,4
2019-11-13,-0.13045665621757507,4
2019-11-14,0.33333321412404376,3
2019-11-15,0.7496336847543716,4
2019-11-18,0.32365594307581586,6
2019-11-19,0.43831512331962585,2
2019-11-20,0.4999997019767761,2
2019-11-21,0.24999430775642395,4
2019-11-22,-0.9994770884513855,1
2019-11-25,0.49954698979854584,4
2019-11-26,0.105470210313797,4
2019-11-27,0.2479031483332316,3
2019-11-29,0.0,1
2019-12-02,-0.2640023572104318,7
2019-12-03,0.0,1
2019-12-04,-0.025557418664296467,3
2019-12-05,0.4983026087284088,4
2019-12-06,0.0,2
2019-12-09,-0.00028865039348602295,4
2019-12-10,0.0,4
2019-12-11,-0.23308436075846353,3
2019-12-12,-0.28093281388282776,4
2019-12-13,0.25,4
2019-12-16,3.0716260274251304e-05,3
2019-12-17,0.5714057803153991,5
2019-12-18,0.4286165067127773,7
2019-12-19,-0.36117124557495117,2
2019-12-20,0.6144969910383224,8
2019-12-23,0.45452558452432806,11
2019-12-24,0.0,2
2019-12-26,0.28569771562303814,7
2019-12-27,0.6666438182195028,3
2019-12-30,0.751650595664978,5
2019-12-31,0.35649103777749197,14
2020-01-02,-0.3971634268760681,5
2020-01-03,0.36087632841534084,9
2020-01-06,0.39999749660491946,5
2020-01-07,0.0036125630140304565,4
2020-01-08,0.0,6
2020-01-09,-0.435558591570173,7
2020-01-10,0.33169613281885785,3
2020-01-13,0.0,4
2020-01-14,0.4268339787210737,7
2020-01-15,0.28571271896362305,7
2020-01-16,0.4722732678055763,8
2020-01-17,0.298720920085907,5
2020-01-21,-0.16666539510091147,6
2020-01-22,-0.08051981528600057,3
2020-01-23,0.0,2
2020-01-24,0.0,2
2020-01-27,-0.22756695747375488,4
2020-01-28,-0.33309141794840497,6
2020-01-29,0.0,2
2020-01-30,4.676977793375651e-05,3
2020-01-31,0.0,1
2020-02-03,0.4968129481588091,7
2020-02-04,0.0,3
2020-02-05,0.4612199068069458,4
2020-02-06,0.33333321412404376,3
2020-02-07,0.0,6
2020-02-10,0.10893677813666207,7
2020-02-11,0.1634920338789622,6
2020-02-12,-0.19921681880950928,5
2020-02-13,0.3333333333333333,3
2020-02-14,0.49999815225601196,2
2020-02-18,0.9999552965164185,1
2020-02-19,0.14277195930480957,7
2020-02-20,-0.49772340059280396,4
2020-02-21,-0.00010532140731811523,6
2020-02-24,-0.2858349936349051,7
2020-02-25,-0.12552538514137268,8
2020-02-26,-0.05854732394218445,10
2020-02-27,-0.30597568610135245,17
2020-02-28,-0.28706999495625496,16
2020-03-02,-0.1325192153453827,4
2020-03-03,0.39968870878219603,5
2020-03-04,-0.22904933989048004,4
2020-03-05,0.19999618530273439,5
2020-03-06,-0.19987412691116332,5
2020-03-09,-0.4091562442481518,32
2020-03-10,-0.12318684160709381,8
2020-03-11,-0.19861721992492676,10
2020-03-12,-0.3985587573051453,25
2020-03-13,0.35269776582717893,15
2020-03-16,-0.18529233634471892,20
2020-03-17,-0.1439725501196725,14
2020-03-18,-0.26052795847256977,12
2020-03-19,-0.011578579743703207,12
2020-03-20,-0.30006739497184753,6
2020-03-23,-0.24542878568172455,8
2020-03-24,-0.09945285320281982,10
2020-03-25,-0.14603141446908316,12
2020-03-26,-0.3655273079872131,5
2020-03-27,0.30963267882664997,9
2020-03-30,-3.549456596374512e-05,4
2020-03-31,-0.432574474811554,10
2020-04-01,-0.28570689473833355,7
2020-04-02,0.6573721170425415,6
2020-04-03,-0.19623964428901672,5
2020-04-06,0.09646393060684204,10
2020-04-07,0.4614548683166504,2
2020-04-08,-0.06176179647445679,8
2020-04-09,0.006803631782531738,5
2020-04-13,0.21084339916706085,4
2020-04-14,0.01984253099986485,7
2020-04-15,0.0,4
2020-04-16,-0.4625072777271271,4
2020-04-17,0.011459016799926757,5
2020-04-20,0.01165860891342163,5
2020-04-21,-0.6466779112815857,3
2020-04-22,0.9998914003372192,1
2020-04-24,0.0,1
2020-04-27,-0.4980277270078659,4
2020-04-28,0.47926972806453705,4
2020-04-29,0.9999558925628662,1
2020-04-30,-0.4611177444458008,4
2020-05-01,0.1584511739867074,7
2020-05-04,0.006679725646972656,5
2020-05-05,0.276249817439488,7
2020-05-06,0.0,4
2020-05-07,0.0,7
2020-05-08,0.24540110677480698,8
2020-05-11,0.599897301197052,5
2020-05-12,9.554624557495117e-05,4
2020-05-13,0.23921509087085724,4
2020-05-14,-0.5378024101257324,5
2020-05-15,0.64737335840861,3
2020-05-18,0.0,2
2020-05-19,-0.6237505873044332,3
2020-05-20,0.28596365451812744,6
2020-05-21,0.14881783723831177,6
2020-05-22,-0.33327120542526245,3
2020-05-26,0.10215602070093155,8
2020-05-27,-0.3781077691486904,7
2020-05-28,0.045952826738357544,10
2020-05-29,0.24998843669891357,4
2020-06-01,-0.1248525891985212,7
2020-06-02,0.0016893574169703893,7
2020-06-03,0.49427780508995056,2
2020-06-04,0.4904078245162964,6
2020-06-05,0.818408876657486,6
2020-06-08,0.25,8
2020-06-09,-0.0845315083861351,8
2020-06-10,-0.16666529575983682,6
2020-06-11,-0.09725123643875122,5
2020-06-12,0.24932244420051575,4
2020-06-15,-0.32028448581695557,6
2020-06-16,0.5996487617492676,5
2020-06-17,0.0,6
2020-06-18,4.172325134277344e-06,3
2020-06-19,0.1663698454697927,6
2020-06-22,0.3333333333333333,3
2020-06-24,0.13883404220853532,7
2020-06-25,0.0,4
2020-06-26,-0.14890821278095245,4
2020-06-29,0.29994410276412964,10
2020-06-30,0.435250719388326,9
2020-07-01,0.5454475771297108,11
2020-07-02,0.221514536274804,9
2020-07-06,0.6447108487288157,6
2020-07-07,0.0,1
2020-07-08,0.16906887292861938,5
2020-07-09,-1.3113021850585938e-06,2
2020-07-10,-0.04814201593399048,4
2020-07-13,-0.13966082533200583,6
2020-07-14,0.0,3
2020-07-15,-0.3178900480270386,5
2020-07-16,0.0,1
2020-07-20,0.6456026434898376,6
2020-07-21,-0.16628719369570413,6
2020-07-22,0.3135763307412465,6
2020-07-23,0.2805240511894226,5
2020-07-24,-0.2499810755252838,4
2020-07-27,-0.18637476364771524,3
2020-07-28,0.16552809874216715,6
2020-07-29,-0.33332884311676025,3
2020-07-30,0.49999839067459106,2
2020-07-31,-0.12499009711401803,7
2020-08-03,0.8304224908351898,6
2020-08-04,0.005853136380513509,6
2020-08-05,0.0,1
2020-08-06,5.100454602922712e-06,7
2020-08-07,0.00011470913887023926,4
2020-08-10,0.05128190666437149,8
2020-08-11,0.37575846910476685,8
2020-08-12,0.3333056370417277,3
2020-08-13,0.0,1
2020-08-14,-0.1997188925743103,5
2020-08-17,0.22762401401996613,8
2020-08-18,0.3023374639451504,16
2020-08-19,0.06529009342193604,7
2020-08-20,0.2857142857142857,7
2020-08-21,0.3749239146709442,8
2020-08-24,-0.0385662317276001,2
2020-08-25,0.020852829728807722,14
2020-08-26,-0.3332713743050893,6
2020-08-27,0.0,3
2020-08-28,0.14967672692404854,9
2020-08-31,5.2735209465026855e-05,4
2020-09-01,0.33342602849006653,6
2020-09-02,0.28515802110944477,7
2020-09-03,-0.39931330680847166,10
2020-09-04,-0.4998026192188263,4
2020-09-08,-0.14529981712500253,12
2020-09-09,-0.33329662680625916,6
2020-09-10,3.524621327718099e-05,3
2020-09-11,0.0,1
2020-09-14,0.5459625840187072,5
2020-09-15,-0.06693646311759949,4
2020-09-16,0.0051391224066416425,6
2020-09-17,0.3974421262741089,5
2020-09-18,-0.19217197895050048,5
2020-09-21,-0.33333122730255127,3
2020-09-22,-0.6665496031443278,3
2020-09-23,-0.05653747862035578,55
2020-09-24,0.3989511728286743,5
2020-09-25,0.33333126703898114,3
2020-09-28,0.33200572927792865,6
2020-09-29,0.14285714285714285,7
2020-09-30,-0.0010461509227752686,8
2020-10-01,0.0,3
2020-10-02,0.499946653842926,2
2020-10-05,0.9791395366191864,2
2020-10-06,-0.4996345341205597,2
2020-10-07,-0.00031410157680511475,4
2020-10-08,9.2238187789917e-06,4
2020-10-09,0.9997557997703552,1
2020-10-12,4.76837158203125e-07,6
2020-10-13,0.24979908764362335,4
2020-10-14,2.4636586507161457e-05,3
2020-10-15,0.0,2
2020-10-16,-0.3330700794855754,3
2020-10-19,0.28331220149993896,6
2020-10-20,0.3418684482574463,5
2020-10-21,0.16405961910883585,6
2020-10-22,-0.16447114944458008,6
2020-10-23,7.450580596923828e-07,4
2020-10-26,-0.3332386612892151,3
2020-10-27,0.08671915531158447,6
2020-10-28,-0.9453662931919098,2
2020-10-29,-0.39660354852676394,5
2020-10-30,-0.9362102746963501,1
2020-11-02,0.18269941210746765,10
2020-11-03,0.26295263369878136,15
2020-11-04,0.2,5
2020-11-05,-0.05059631168842316,4
2020-11-06,0.32897070050239563,8
2020-11-09,0.4768112699190776,6
2020-11-10,0.2587813436985016,4
2020-11-11,0.0,1
2020-11-12,-0.003685086965560913,4
2020-11-13,0.39995487928390505,5
2020-11-16,0.26842421293258667,11
2020-11-17,0.2776711199964796,14
2020-11-18,0.0,3
2020-11-19,-0.14136420828955515,7
2020-11-20,-0.14341017178126744,7
2020-11-23,0.17259431878725687,6
2020-11-24,0.37277846611463106,13
2020-11-25,0.15401609614491463,8
2020-11-27,0.3333333333333333,3
2020-11-30,0.28387985059193205,7
2020-12-01,-0.285385443104638,9
2020-12-02,0.659833957751592,6
2020-12-03,0.0,1
2020-12-04,0.16666430234909058,6
2020-12-07,0.0,4
2020-12-08,0.0,3
2020-12-09,0.249336838722229,4
2020-12-10,0.06086036562919617,8
2020-12-11,0.3333221475283305,6
2020-12-14,0.24997955560684204,4
2020-12-15,0.2620404263337453,6
2020-12-16,0.49985550840695697,6
2020-12-17,0.22701125343640646,6
2020-12-18,0.27270249886946246,11
2020-12-21,0.07692304941324088,13
2020-12-22,-0.3754591941833496,7
2020-12-23,0.0,3
2020-12-24,0.0017509609460830688,4
2020-12-28,-0.4999861717224121,2
2020-12-29,0.5557205200195312,5
2020-12-30,0.49999972184499103,6
2021-01-04,0.4248329997062683,7
2021-01-05,0.24999693036079407,4
2021-01-06,-0.00020531813303629556,6
2021-01-07,-0.14223841258457728,7
2021-01-08,0.0,2
2021-01-11,0.3333331346511841,3
2021-01-12,0.0,2
2021-01-13,-0.499968558549881,4
2021-01-14,-0.3226681749025981,3
2021-01-15,-0.28513096060071674,7
2021-01-19,0.4272957709100511,9
2021-01-20,0.13349363803863526,15
2021-01-21,0.3332747022310893,6
2021-01-25,-0.051008868217468264,5
2021-01-26,-0.0038511991500854493,5
2021-01-27,0.0,2
2021-01-28,-0.24971769750118256,4
2021-01-29,0.551353897367205,7
2021-02-01,0.721389889717102,4
2021-02-02,0.37760428339242935,8
2021-02-03,-0.333327054977417,3
2021-02-04,0.24995650351047516,4
2021-02-05,0.16931830843289694,6
2021-02-08,0.0,2
2021-02-09,0.2488938570022583,4
2021-02-10,0.0,2
2021-02-11,0.4730807840824127,2
2021-02-12,0.0020388811826705933,4
2021-02-16,0.1999995470046997,5
2021-02-17,0.0,3
2021-02-18,-0.24270737171173096,5
2021-02-19,0.0,1
2021-02-22,0.0,4
2021-02-23,0.49814558029174805,2
2021-02-24,0.9999998807907104,1
2021-02-25,-0.9415053129196167,2
2021-02-26,0.6725584119558334,4
2021-03-01,0.06402254849672318,8
2021-03-02,0.0013127028942108154,4
2021-03-03,0.37499742209911346,8
2021-03-04,0.00020524263381958008,10
2021-03-05,0.19993021488189697,5
2021-03-08,0.27805738151073456,4
2021-03-09,-0.284558858190264,7
2021-03-10,6.586313247680664e-06,4
2021-03-11,0.3270822564760844,3
2021-03-12,0.0,3
2021-03-15,0.33331672350565594,3
2021-03-16,-0.1654452681541443,9
2021-03-17,4.231929779052734e-06,6
2021-03-18,-0.1472566823164622,6
2021-03-19,0.12499251961708069,4
2021-03-22,0.0031466086705525718,6
2021-03-23,0.12499858438968658,8
2021-03-24,0.24506799663816178,7
2021-03-25,0.4999324679374695,2
2021-03-26,0.1428584200995309,7
2021-03-29,0.38777765035629275,5
2021-03-30,0.2214659121301439,9
2021-03-31,0.12581469118595123,8
2021-04-01,0.4121148245675223,7
2021-04-05,-0.996873140335083,3
2021-04-06,0.7483314722776413,4
2021-04-07,0.0,2
2021-04-08,0.16666666666666666,6
2021-04-09,0.3805000424385071,5
2021-04-12,0.1812557429075241,4
2021-04-13,-0.0030484795570373535,4
2021-04-14,0.49999892711639404,2
2021-04-15,0.0,2
2021-04-16,0.6666666666666666,3
2021-04-19,0.571403980255127,7
2021-04-20,0.24999967217445374,4
2021-04-21,-0.13290576140085855,6
2021-04-22,0.9993090629577637,2
2021-04-23,0.08709606528282166,4
2021-04-26,0.0,1
2021-04-27,0.14350031103406632,7
2021-04-28,0.19998693466186523,5
2021-04-29,-0.006743729114532471,3
2021-04-30,0.04365232161113194,7
2021-05-03,0.309572954972585,6
2021-05-04,0.0019365217950608996,9
2021-05-05,0.0,3
2021-05-06,0.0002135932445526123,2
2021-05-07,-0.24991798400878906,4
2021-05-10,0.027744513750076295,10
2021-05-11,-0.2499992847442627,4
2021-05-12,-0.23989102989435196,8
2021-05-13,-0.3298078576723735,3
2021-05-14,0.31091761589050293,3
2021-05-17,-0.14963991641998292,5
2021-05-18,0.0,6
2021-05-19,-0.9936853051185608,1
2021-05-20,-0.0881830096244812,5
2021-05-21,0.0,2
2021-05-24,0.3528931960463524,8
2021-05-25,0.0,2
2021-05-26,0.0,5
2021-05-27,0.5949297547340393,5
2021-05-28,-0.0005127290884653727,6
2021-06-01,0.333313524723053,6
2021-06-02,-0.09333806037902832,5
2021-06-03,0.0,5
2021-06-04,0.16666642824808756,6
2021-06-07,-0.47193969041109085,8
2021-06-08,0.24999985098838806,4
2021-06-09,0.33288681507110596,3
2021-06-10,0.3333211342493693,3
2021-06-11,0.8688005208969116,1
2021-06-14,0.0,1
2021-06-15,-0.49935559928417206,4
2021-06-16,0.1620090107123057,6
2021-06-17,-0.3333292404810588,3
2021-06-18,0.0,1
2021-06-21,0.4531013270219167,6
2021-06-22,0.4999566078186035,2
2021-06-23,0.17459994554519653,3
2021-06-24,0.0,3
2021-06-25,-0.3888068199157715,5
2021-06-28,0.30462902784347534,10
2021-06-29,0.5999593257904052,5
2021-06-30,0.5997286796569824,5
2021-07-01,-3.4809112548828124e-06,5
2021-07-02,0.5168564558029175,5
2021-07-06,0.9788951873779297,2
2021-07-07,0.2857011726924351,7
2021-07-08,0.499999463558197,2
2021-07-09,-0.015592128038406372,2
2021-07-12,0.9997199773788452,3
2021-07-13,0.1665745178858439,6
2021-07-14,-0.48177188634872437,4
2021-07-15,0.0,6
2021-07-16,0.4891043156385422,4
2021-07-19,-0.12429508992603847,7
2021-07-20,0.392862968146801,8
2021-07-21,0.49993787705898285,4
2021-07-22,-0.09970972687005997,8
2021-07-23,-0.007481306791305542,4
2021-07-26,0.00047693252563476565,5
2021-07-27,0.5,2
2021-07-28,-0.9340736567974091,2
2021-07-29,0.0,3
2021-07-30,0.49998828768730164,4
2021-08-02,0.48582199215888977,4
2021-08-03,-0.33332328001658124,3
2021-08-04,0.6655640204747518,3
2021-08-05,0.2499999701976776,4
2021-08-06,0.5118865728378296,5
2021-08-09,0.25,4
2021-08-10,0.0,1
2021-08-11,0.24996715784072876,4
2021-08-13,0.4999917149543762,4
2021-08-16,0.4285978845187596,7
2021-08-17,0.2664329633116722,8
2021-08-18,0.3337779988845189,12
2021-08-19,-0.16629204154014587,6
2021-08-20,0.0,2
2021-08-23,0.4629872739315033,2
2021-08-24,0.015963327884674073,5
2021-08-25,0.38979498147964475,5
2021-08-26,0.0,6
2021-08-27,0.2902393639087677,4
2021-08-30,0.14285545689719065,7
2021-08-31,0.33333277702331543,3
2021-09-01,-0.14062348433903285,7
2021-09-02,-0.24997258186340332,4
2021-09-03,0.5762889981269836,5
2021-09-07,0.3333297570546468,3
2021-09-08,0.19999096393585206,5
2021-09-09,-0.3332658012708028,3
2021-09-10,0.0,1
2021-09-13,0.999687671661377,1
2021-09-14,-0.0003014504909515381,6
2021-09-15,-0.09078640829433095,11
2021-09-16,-0.6113873521486918,3
2021-09-17,-0.23661509156227112,4
2021-09-20,-0.11510056257247925,8
2021-09-21,-0.39724916219711304,5
2021-09-22,-0.21110649406909943,2
2021-09-23,-0.24996432662010193,4
2021-09-24,-0.27130205432573956,6
2021-09-27,0.16714049710167778,9
2021-09-28,0.1326970628329686,7
2021-09-29,0.11098053720262316,9
2021-09-30,0.0,4
2021-10-01,-0.28493112325668335,6
2021-10-04,-0.1243337020277977,8
2021-10-05,0.0,3
2021-10-06,-0.517483365535736,5
2021-10-07,0.39538451433181765,5
2021-10-08,-0.2444051057100296,4
2021-10-11,0.19999988079071046,5
2021-10-12,0.01576521396636963,5
2021-10-13,0.19749147444963455,4
2021-10-14,0.14236401660101755,7
2021-10-15,0.0,3
2021-10-18,0.7412821888923645,5
2021-10-19,0.19528917074203492,5
2021-10-20,0.14285714285714285,7
2021-10-21,0.16302397421428136,7
2021-10-22,0.22575567662715912,4
2021-10-25,0.0,3
2021-10-26,-0.24998775124549866,4
2021-10-27,-0.1404463563646589,7
2021-10-28,0.2,5
2021-10-29,-0.10868430137634277,9
2021-11-01,0.2653506777503274,11
2021-11-02,0.09776614606380463,4
2021-11-03,0.24999955296516418,4
2021-11-04,0.20005861520767212,5
2021-11-05,0.19960716962814332,5
2021-11-08,0.37499281764030457,8
2021-11-09,0.288977712392807,6
2021-11-10,-0.1655118614435196,8
2021-11-11,-0.32940669854482013,3
2021-11-12,0.5672398090362549,5
2021-11-15,-0.39902218580245974,5
2021-11-16,-0.1666665275891622,6
2021-11-17,0.49383143583933514,6
2021-11-18,0.16666477918624878,6
2021-11-19,-0.1813560128211975,11
2021-11-22,0.16667458415031433,12
2021-11-23,-0.19622268676757812,5
2021-11-24,3.719329833984375e-06,5
2021-11-26,-0.49935853481292725,2
2021-11-29,-0.2448175624012947,8
2021-11-30,-0.09367465178171794,15
2021-12-01,0.12257991896735297,9
2021-12-02,0.15980728467305502,9
2021-12-03,0.1428567681993757,7
2021-12-06,0.1963969051837921,10
2021-12-07,0.7312988638877869,5
2021-12-08,-0.0010677129030227661,12
2021-12-09,0.3999999761581421,5
2021-12-10,0.24760466814041138,5
2021-12-13,0.3746006041765213,8
2021-12-14,0.19999995231628417,5
2021-12-15,3.129243850708008e-06,4
2021-12-16,-0.2499920129776001,4
2021-12-17,0.666666587193807,3
2021-12-20,-0.0001585841178894043,10
2021-12-21,0.4960927218198776,4
2021-12-22,-0.07401917378107707,9
2021-12-23,0.15636392682790756,8
2021-12-27,0.17945271730422974,5
2021-12-28,-0.005776643753051758,8
2021-12-29,0.11838622654185575,17
2021-12-30,0.396377831697464,8
2021-12-31,0.13438038900494576,16
2022-01-03,0.30657504613582903,13
2022-01-04,0.13399728139241537,15
2022-01-05,0.2856799449239458,7
2022-01-06,1.3804435729980468e-05,5
2022-01-07,-0.3330950935681661,6
2022-01-10,0.2982917030652364,9
2022-01-11,-0.263064444065094,7
2022-01-12,-0.0005972215107509068,7
2022-01-13,0.5043033361434937,6
2022-01-14,0.18729981034994125,8
2022-01-18,0.21092436569077627,7
2022-01-19,0.0012041106820106506,8
2022-01-20,-0.059811461716890335,8
2022-01-21,0.16698064712377694,13
2022-01-24,-0.0056051214536031084,24
2022-01-25,0.001941286027431488,8
2022-01-26,0.17741997133601795,11
2022-01-27,-0.11195166110992431,5
2022-01-28,-0.22575456755501883,7
2022-01-31,-0.09094121239402077,11
2022-02-01,1.1920928955078125e-06,5
2022-02-02,-0.000672072172164917,8
2022-02-03,0.3996271789073944,10
2022-02-04,0.24700354039669037,8
2022-02-07,0.0882357507944107,12
2022-02-08,-0.0665959282354875,11
2022-02-09,0.12931171655654908,10
2022-02-10,0.14092659950256348,7
2022-02-11,0.19999639987945556,10
2022-02-14,0.37040621787309647,8
2022-02-15,-0.2637302875518799,7
2022-02-16,-0.6387726068496704,3
2022-02-17,0.33333392937978107,3
2022-02-18,0.16618141531944275,6
2022-02-22,-0.16644598543643951,12
2022-02-23,-0.14322073319379022,17
2022-02-24,0.005297968020805946,13
2022-02-25,0.16666666666666666,6
2022-02-28,-0.10188368956247966,6
2022-03-01,-0.014841370284557343,8
2022-03-02,0.09443153653826032,7
2022-03-03,-0.13752511739730836,5
2022-03-04,-0.32831107907825047,9
2022-03-07,-0.12502027302980423,8
2022-03-08,-0.4999188780784607,2
2022-03-09,-0.21538275480270386,7
2022-03-10,-0.20162090063095092,5
2022-03-11,0.1091685692469279,9
2022-03-14,-0.1669653207063675,12
2022-03-15,0.619075189034144,6
2022-03-16,0.40566229323546094,12
2022-03-17,0.24640963474909464,6
2022-03-18,0.06321818629900615,6
2022-03-21,0.5497226178646087,10
2022-03-22,0.2499997913837433,4
2022-03-23,-0.11111081971062554,9
2022-03-24,-0.23869266360998154,8
2022-03-25,2.86102294921875e-07,5
2022-03-28,0.09975757598876953,10
2022-03-29,-0.26818708578745526,6
2022-03-30,0.3776228924592336,6
2022-03-31,0.14246281555720738,7
2022-04-01,0.4994486391544342,10
2022-04-04,0.35601857575503265,11
2022-04-05,0.16381138563156128,6
2022-04-06,0.44259537756443024,8
2022-04-07,0.1418994665145874,7
2022-04-08,0.2476294736067454,6
2022-04-11,4.947185516357422e-06,6
2022-04-12,6.127357482910156e-06,5
2022-04-13,0.19998201727867126,10
2022-04-14,-0.09999788999557495,10
2022-04-18,0.28064660515104023,7
2022-04-19,-0.3527614729745047,7
2022-04-20,-0.24987035244703293,8
2022-04-21,-0.667143777012825,4
2022-04-22,-0.28319663660866873,7
2022-04-25,0.186424990495046,6
2022-04-26,-0.10475032031536102,8
2022-04-27,0.09982285499572754,10
2022-04-28,0.059874534606933594,4
2022-04-29,-0.6071242019534111,16
2022-05-02,-0.22093615929285684,9
2022-05-03,-0.11079288522402446,6
2022-05-04,-0.12501166760921478,8
2022-05-05,0.1538373506986178,13
2022-05-06,-0.12480967491865158,8
2022-05-09,-0.3327208293808831,18
2022-05-10,-0.16947510838508606,16
2022-05-11,-0.34313544806312113,17
2022-05-12,0.055822925134138626,11
2022-05-13,-0.16431057949860892,12
2022-05-16,-0.11516415614348191,13
2022-05-17,0.16650794943173727,6
2022-05-18,-0.05023801326751709,20
2022-05-19,-0.3405353784561157,20
2022-05-20,-0.23747666885978297,19
2022-05-23,0.09117232836209811,13
2022-05-24,0.11946425071129432,13
2022-05-25,0.44252883195877074,10
2022-05-26,-0.006751888328128391,9
2022-05-27,0.20000252723693848,10
2022-05-31,-0.1556969710758754,7
2022-06-01,0.4148139613015311,7
2022-06-02,-0.03936085104942322,6
2022-06-03,0.49989792704582214,8
2022-06-06,0.1687768612589155,7
2022-06-07,-0.4191501481192453,7
2022-06-08,0.12607086449861526,8
2022-06-09,-0.08314651747544606,12
2022-06-10,-0.06685479482014973,9
2022-06-13,-0.16850545651772442,34
2022-06-14,-0.08178668930417016,21
2022-06-15,-0.1139652356505394,8
2022-06-16,-0.3950857758522034,10
2022-06-17,-0.009298508817499334,11
2022-06-21,0.0,6
2022-06-22,0.15134871999422708,6
2022-06-23,-0.05161892516272409,7
2022-06-24,0.0359580058317918,13
2022-06-27,-0.005824100971221924,10
2022-06-28,-0.16994773883085984,13
2022-06-29,-0.33235866328080493,12
2022-06-30,-0.2763068113062117,18
2022-07-01,-0.33505869408448535,12
2022-07-05,0.10302136702971025,11
2022-07-06,0.16666660706202188,6
2022-07-07,0.5160278975963593,4
2022-07-08,-0.302000892162323,5
2022-07-11,-0.24957764148712158,7
2022-07-12,0.33333317438761395,3
2022-07-13,0.34315985441207886,7
2022-07-14,-0.30180678764979046,6
2022-07-15,-0.1999753713607788,5
2022-07-18,0.08804709261113947,11
2022-07-19,0.2036298910776774,6
2022-07-20,0.0,3
2022-07-21,0.15606937143537733,9
2022-07-22,0.28571208885737825,7
2022-07-25,0.5714265278407505,7
2022-07-26,0.0,2
2022-07-27,0.3999542474746704,5
2022-07-28,0.499114990234375,4
2022-07-29,0.22476619482040405,6
2022-08-01,0.013193282214078035,11
2022-08-02,0.15127286314964294,6
2022-08-03,0.3265063464641571,6
2022-08-04,-0.11116256316502889,9
2022-08-05,0.0,2
2022-08-08,0.0026736723052130807,9
2022-08-09,0.0,2
2022-08-10,-0.09870237112045288,10
2022-08-11,-0.11747341354688008,6
2022-08-12,0.2950427770614624,10
2022-08-15,0.22208786673016018,9
2022-08-16,0.2456064075231552,4
2022-08-17,0.17877223094304404,9
2022-08-18,-0.29246952533721926,10
2022-08-19,-0.16666853427886963,6
2022-08-22,-0.2499966323375702,8
2022-08-23,0.0,3
2022-08-24,0.2018326163291931,5
2022-08-25,0.0,3
2022-08-26,-0.24990306049585342,8
2022-08-29,-0.2445087432861328,8
2022-08-30,-0.09316722303628922,8
2022-08-31,-0.05732715555599758,14
2022-09-01,-0.17501980811357498,16
2022-09-02,-0.005530647933483124,8
2022-09-06,-0.11672701686620712,8
2022-09-07,0.16666666666666666,6
2022-09-08,-0.1666724681854248,6
2022-09-09,0.48009178787469864,8
2022-09-12,0.2354493032802235,11
2022-09-13,-0.6254036681992667,14
2022-09-14,-0.5209795128215443,11
2022-09-15,-0.07945165634155274,10
2022-09-16,-0.32213700901378284,11
2022-09-19,-0.003671729564666748,10
2022-09-20,-0.2724671108382089,7
2022-09-21,0.0998636782169342,10
2022-09-22,0.42846972601754324,7
2022-09-23,-0.3322059341839382,14
2022-09-26,0.0027761080048301005,11
2022-09-27,-0.25914448499679565,14
2022-09-28,0.3781212397984096,7
2022-09-29,-0.23342387278874716,15
2022-09-30,-0.23902246952056885,15
2022-10-03,0.2094954720565251,14
2022-10-04,-0.02858705520629883,15
2022-10-05,0.3502516812748379,9
2022-10-06,0.02460031509399414,5
2022-10-07,0.13439859946568808,9
2022-10-10,0.19527800083160402,5
2022-10-11,0.02703901131947835,6
2022-10-12,0.11456886163124672,13
2022-10-13,0.2137592981259028,12
2022-10-14,0.24240492857419527,13
2022-10-17,0.3248524347941081,15
2022-10-18,-0.061067456007003786,10
2022-10-19,0.07477218906084697,12
2022-10-20,0.07396126985549926,5
2022-10-21,0.33323925236860913,12
2022-10-24,-0.4278817517416818,7
2022-10-25,0.44403475522994995,9
2022-10-26,-0.33195754885673523,6
2022-10-27,-0.4265285389763968,7
2022-10-28,0.1950838804244995,10
2022-10-31,0.3168232772085402,9
2022-11-01,0.4180078591619219,7
2022-11-02,0.14293064389910018,7
2022-11-03,-0.22221771876017252,9
2022-11-04,0.13492345809936523,6
2022-11-07,-0.285764787878309,14
2022-11-08,0.24999994039535522,8
2022-11-09,0.04322957141058786,14
2022-11-10,0.28231074288487434,16
2022-11-11,0.5016384224096934,6
2022-11-14,0.24882476031780243,8
2022-11-15,0.1999676465988159,10
2022-11-16,-0.28386744431086947,7
2022-11-17,0.003332446018854777,6
2022-11-18,0.25,4
2022-11-21,0.12377667923768361,12
2022-11-22,0.3337669480930675,11
2022-11-23,-0.060187071561813354,10
2022-11-25,0.01857016086578369,5
2022-11-28,0.2521850195798007,11
2022-11-29,-0.2142213327544076,14
2022-11-30,-0.03328182441847665,14
2022-12-01,0.09974164565404256,15
2022-12-02,-0.22511820991834006,6
2022-12-05,-0.08911324209637111,9
2022-12-06,-0.4333881007300483,9
2022-12-07,-0.35932557923453196,7
2022-12-08,0.024299459797995433,7
2022-12-09,-0.004915833473205566,10
2022-12-12,-0.01609483131995568,13
2022-12-13,0.1058991551399231,19
2022-12-14,0.18896939357121786,9
2022-12-15,0.040341669862920586,11
2022-12-16,-0.6320426397853427,9
2022-12-19,-0.28706356031554087,14
2022-12-20,0.17722107063640247,11
2022-12-21,-0.34176618402654474,11
2022-12-22,-0.015334135293960572,10
2022-12-23,-0.3522787160343594,9
2022-12-27,-0.23789085149765016,15
2022-12-28,-0.23344959932215073,17
2022-12-29,0.11762332916259766,12
2022-12-30,-0.35243559511084305,19
2023-01-03,-0.04279007096039621,19
2023-01-04,0.008817765861749649,16
2023-01-05,0.18175954168493097,11
2023-01-06,0.0990128987713864,19
2023-01-09,-0.29716600477695465,20
2023-01-10,0.02223070462544759,18
2023-01-11,0.10816556486216458,11
2023-01-12,0.12498116493225098,8
2023-01-13,0.19085626091275895,14
2023-01-17,-0.25611743132273357,15
2023-01-18,-0.6507419844468435,6
2023-01-19,-0.24649048935283313,11
2023-01-20,0.17955147761564988,13
2023-01-23,0.041416579768771215,21
2023-01-24,-0.20205876588821411,25
2023-01-25,-0.06666182279586792,15
2023-01-26,0.3058970794081688,16
2023-01-27,0.1897285245358944,16
2023-01-30,-0.07112838213260357,13
2023-01-31,0.21260103955864906,16
2023-02-01,0.23414476996376402,21
2023-02-02,0.4535490414675544,17
2023-02-03,0.30363133549690247,10
2023-02-06,0.036581720176496,19
2023-02-07,-0.0528342604637146,15
2023-02-08,-0.09197279385157994,14
2023-02-09,-0.16502286837651178,13
2023-02-10,-0.14288308790751866,7
2023-02-13,0.20947542002326563,19
2023-02-14,-0.15498064322905106,11
2023-02-15,0.1340951959292094,15
2023-02-16,0.17969043417410416,22
2023-02-17,0.020673765855676988,17
2023-02-21,-0.36510663270950316,25
2023-02-22,0.14878113567829132,20
2023-02-23,-0.06847021671441886,13
2023-02-24,-0.05229761302471161,20
2023-02-27,0.11969633897145589,12
2023-02-28,-0.12385373030390058,14
2023-03-01,-0.09092042843500774,21
2023-03-02,0.4174039749538197,17
2023-03-03,0.031011230415768094,18
2023-03-06,0.16316126712730952,28
2023-03-07,-0.05900762975215912,24
2023-03-08,-0.18246225799833024,14
2023-03-09,0.031019020080566406,25
2023-03-10,-0.44456997689078837,17
2023-03-13,-0.17027621042160762,21
2023-03-14,0.11153714095844942,17
2023-03-15,-0.3024713719884555,24
2023-03-16,0.28630598528044565,14
2023-03-17,0.041351639706155525,23
2023-03-20,0.015244418068935997,19
2023-03-21,0.18519243399302165,15
2023-03-22,0.061912933121556823,23
2023-03-23,-0.12986000999808311,16
2023-03-24,0.11043880994503315,13
2023-03-27,0.33276890218257904,12
2023-03-28,-0.1799777095968073,11
2023-03-29,0.13489762825124404,17
2023-03-30,-0.014908502499262491,18
2023-03-31,0.04071931197093083,26
2023-04-03,0.1692962156874793,28
2023-04-04,-0.20639796101528665,23
2023-04-05,-0.15545356035232544,25
2023-04-06,-0.15331584215164185,19
2023-04-10,-0.054570373892784116,20
2023-04-11,0.002552191416422526,15
2023-04-12,-0.15341554446653885,11
2023-04-13,0.01800634229884428,17
2023-04-14,-0.15625715702772142,20
2023-04-17,0.09023819457400929,22
2023-04-18,0.040352007617121155,23
2023-04-19,-0.08540221590262193,26
2023-04-20,-0.357097452878952,10
2023-05-01,0.2729158855619885,21
2023-05-02,0.0233183354139328,16
2023-05-03,-0.30942925065755844,16
2023-05-04,-0.3865305277017447,13
2023-05-05,0.16694988144768608,18
2023-05-08,0.1572064757347107,19
2023-05-09,-0.09829642375310262,18
2023-05-10,0.2980976141989231,16
2023-05-11,-0.09954573214054108,20
2023-05-12,-0.027042575180530548,24
2023-05-15,0.2275268038113912,21
2023-05-16,-0.02849348102297102,14
2023-05-17,0.1765050448869404,19
2023-05-18,0.1500829214399511,22
2023-05-19,-0.04108622399243442,22
2023-05-22,0.08467355562794593,31
2023-05-23,-0.154097568243742,16
2023-05-24,-0.08114953835805257,9
2023-05-25,0.07596103474497795,16
2023-05-26,0.12986899123472326,17
2023-05-30,0.06248458302938021,26
2023-05-31,-0.27483439216246974,26
2023-06-01,0.015291248497210051,19
2023-06-02,0.29792231100576894,27
2023-06-05,-0.07925135054086384,19
2023-06-06,0.08454446359114214,11
2023-06-07,0.07686809851573063,13
2023-06-08,0.13101238757371902,16
2023-06-09,0.22342368215322495,16
2023-06-12,0.1652998924255371,22
2023-06-13,0.18510385851065317,24
2023-06-14,0.04221927642822266,25
2023-06-15,0.25133101836494776,23
2023-06-16,0.031358711859759164,34
2023-06-20,-0.19225337926079245,17
2023-06-21,0.10319289207458496,25
2023-06-22,-0.04388411686970638,13
2023-06-23,-0.13598270260769388,23
2023-06-26,-0.18678220022808423,22
2023-06-27,0.39435456079595227,17
2023-06-28,0.15520042181015015,22
2023-06-29,0.03414079121180943,14
2023-06-30,0.2896465569734573,20
2023-07-03,0.30709721825339575,11
2023-07-05,-0.037823846706977256,26
2023-07-06,-0.2751368122796218,24
2023-07-07,0.0938904168813125,23
2023-07-10,0.19375740079318776,17
2023-07-11,0.0825683871905009,15
2023-07-12,0.3722901828587055,16
2023-07-13,0.5668110019630856,18
2023-07-14,0.04766355319456621,11
2023-07-17,0.2825914944921221,35
2023-07-18,0.45119247924197803,22
2023-07-19,-0.11860675281948513,18
2023-07-20,-0.01905479696061876,27
2023-07-21,0.034408068656921385,20
2023-07-24,0.2743398701703107,27
2023-07-25,0.3883202777189367,17
2023-07-26,0.08174203407196771,21
2023-07-27,-0.2664264440536499,18
2023-07-28,0.14946925098245795,22
2023-07-31,0.502398111318287,19
2023-08-01,0.17030388575333816,26
2023-08-02,-0.37947598641568964,22
2023-08-03,-0.2339125443249941,16
2023-08-04,-0.2546341925859451,20
2023-08-07,0.28502914667129514,25
2023-08-08,-0.15790894865989685,25
2023-08-09,-0.1966295273139559,29
2023-08-10,0.30531981959939003,16
2023-08-11,0.10212498406569163,12
2023-08-14,0.3328504827287462,18
2023-08-15,-0.0972428792401364,19
2023-08-16,-0.1428209032331194,14
2023-08-17,-0.18789677109037126,14
2023-08-18,-0.12458722293376923,16
2023-08-21,0.15317874721118382,28
2023-08-22,-0.3091723499474702,27
2023-08-23,0.4082661333837007,19
2023-08-24,-0.18619114848283622,26
2023-08-25,-0.09214592386375774,22
2023-08-28,-0.0037914769990103586,21
2023-08-29,0.29753920435905457,10
2023-08-30,0.2829069495201111,24
2023-08-31,0.1883833373294157,17
2023-09-01,0.07979877471923828,25
2023-09-05,-0.0339495407210456,27
2023-09-06,-0.155948993952378,23
2023-09-07,-0.17085227370262146,20
2023-09-08,-0.275123397509257,21
2023-09-11,0.2918526977300644,16
2023-09-12,-0.08952124371673122,33
2023-09-13,0.06694556637243791,22
2023-09-14,-0.013693912161721123,18
2023-09-15,-0.11837930977344513,24
2023-09-18,-0.05445288334574018,14
2023-09-19,-0.23675358295440674,15
2023-09-20,0.2272615801720392,21
2023-09-21,-0.5176621537942153,13
2023-09-22,-0.14566720233244054,17
2023-09-25,0.002957292397816976,15
2023-09-26,-0.5226577281951904,5
2023-09-27,-0.08129636304719108,14
2023-09-28,-0.3090408948751596,13
2023-09-29,-0.12772274594153127,31
2023-10-02,0.029332580665747326,24
2023-10-03,-0.20545778603389345,29
2023-10-04,0.16371732619073656,18
2023-10-05,-0.42405961205561954,12
2023-10-06,-0.013945959863208589,21
2023-10-09,-0.053239935920352026,21
2023-10-10,0.3010886162519455,20
2023-10-11,0.052319700519243874,24
2023-10-12,0.120102592309316,15
2023-10-13,0.13464142246679825,22
2023-10-16,0.20781573743531198,33
2023-10-17,-0.13451373293286278,21
2023-10-18,-0.07380066228949506,23
2023-10-19,-0.0003688361333764118,23
2023-10-20,-0.35478351371628897,28
2023-10-23,-0.10855360494719611,18
2023-10-24,-0.12307882308959961,16
2023-10-25,-0.21427796142441885,14
2023-10-26,-0.4250021921960931,19
2023-10-27,-0.09168538593110584,21
2023-10-30,0.1314688815790064,34
2023-10-31,0.04956783652305603,20
2023-11-01,0.29165996256328763,21
2023-11-02,0.3408797208000632,17
2023-11-03,0.0057264062074514534,13
2023-11-06,0.09833665132522583,25
2023-11-07,0.2232216348250707,24
2023-11-08,0.4220328579346339,24
2023-11-09,0.2035779153045855,19
2023-11-10,0.3773147980372111,15
2023-11-13,0.08880756730618684,23
2023-11-14,0.20599187271935598,21
2023-11-15,0.2672765884134505,18
2023-11-16,0.06307341550525866,19
2023-11-17,-0.023248466707411267,21
2023-11-20,0.37914942778073824,26
2023-11-21,0.19549106889300877,27
2023-11-22,0.3420617407874057,38
2023-11-24,0.04946507140994072,16
2023-11-27,0.2260231619531458,22
2023-11-28,0.03665574107851301,14
2023-11-29,-0.1433626691500346,15
2023-11-30,0.21033962170283,15
2023-12-01,0.2123183399438858,20
2023-12-04,-0.11381133993466695,30
2023-12-05,-0.08877643390938088,27
2023-12-06,0.13286093870798746,18
2023-12-07,0.32036915779113767,25
2023-12-08,0.354698920249939,20
2023-12-11,0.09705628798558162,39
2023-12-12,0.23588743630577536,17
2023-12-13,0.3047035673390264,23
2023-12-14,0.09440567427211338,18
2023-12-15,0.290152782201767,20
2023-12-18,0.1825255042030698,21
2023-12-19,0.4601370841264725,16
2023-12-20,-0.5623068585991859,16
2023-12-21,0.07471467057863872,24
2023-12-22,-0.12364207953214645,16
2023-12-26,0.26790461369923185,21
2023-12-27,0.4703414499759674,20
2023-12-28,0.337497280402617,22
2023-12-29,0.21888665676116945,25
2024-01-02,0.26298708965380985,24
2024-01-03,-0.10640862759421854,17
2024-01-04,0.28795481390423244,18
2024-01-05,-0.10982239577505323,18
2024-01-08,0.31313249468803406,28
2024-01-09,0.12417888013940108,19
2024-01-10,0.2602795828943667,23
2024-01-11,0.14316964149475098,20
2024-01-12,-0.25115275010466576,16
2024-01-16,0.33206476271152496,12
2024-01-17,-0.20549660921096802,5
2024-01-18,0.01270981878042221,8
2024-01-19,0.46671851600209874,48
2024-01-22,0.49843248821073965,31
2024-01-23,0.38546026294881647,11
2024-01-24,0.518610946337382,15
2024-01-25,0.259439617395401,14
2024-01-26,0.22573290151708267,17
2024-01-29,0.3268740442064073,9
2024-01-30,0.15591190258661905,12
2024-01-31,0.0011054840352800158,18
2024-02-01,0.27387735518542206,11
2024-02-02,0.4984732682888324,13
2024-02-05,-0.006170487403869629,5
2024-02-06,-0.098670594394207,8
2024-02-07,0.3364207943280538,9
2024-02-08,0.1644179423650106,27
2024-02-09,0.23993976677165313,34
2024-02-12,0.17878819505373636,24
2024-02-13,-0.11214932998021444,15
2024-02-14,0.24357936903834343,16
2024-02-15,0.2705713467938559,28
2024-02-16,0.17169014544322572,29
2024-02-20,0.3820199704170227,25
2024-02-21,0.01587003469467163,11
2024-02-22,0.6052089448158557,26
2024-02-23,0.4619142439054406,23
2024-02-26,0.11241733677246991,17
2024-02-27,-0.13403213024139404,21
2024-02-28,0.1069921474707754,19
2024-02-29,0.31665032560175116,22
2024-03-01,0.3814176619052887,30
2024-03-04,-0.033038511391608946,31
